,Date,Open,High,Low,Close,Volume,Turnover
0,2020-01-02,5.0,5.0,5.0,5.0,0.0,0.0
1,2020-01-03,9.0,9.0,9.0,9.0,0.0,0.0
2,2020-01-06,8.0,8.0,8.0,8.0,0.0,0.0
3,2020-01-07,11.0,11.0,11.0,11.0,0.0,0.0
4,2020-01-08,11.0,11.0,11.0,11.0,0.0,0.0
5,2020-01-09,13.0,13.0,13.0,13.0,0.0,0.0
6,2020-01-10,20.0,20.0,20.0,20.0,0.0,0.0
7,2020-01-13,23.0,23.0,23.0,23.0,0.0,0.0
8,2020-01-14,8.0,8.0,8.0,8.0,0.0,0.0
9,2020-01-15,7.0,7.0,7.0,7.0,0.0,0.0
10,2020-01-16,6.0,6.0,6.0,6.0,0.0,0.0
11,2020-01-17,7.0,7.0,7.0,7.0,0.0,0.0
12,2020-01-21,27.0,27.0,27.0,27.0,0.0,0.0
13,2020-01-22,29.0,29.0,29.0,29.0,0.0,0.0
14,2020-01-23,45.0,45.0,45.0,45.0,0.0,0.0
15,2020-01-24,63.0,63.0,63.0,63.0,0.0,0.0
16,2020-01-27,102.0,102.0,102.0,102.0,0.0,0.0
17,2020-01-28,57.0,57.0,57.0,57.0,0.0,0.0
18,2020-01-29,59.0,59.0,59.0,59.0,0.0,0.0
19,2020-01-30,111.0,111.0,111.0,111.0,0.0,0.0
20,2020-01-31,114.0,114.0,114.0,114.0,0.0,0.0
21,2020-02-03,85.0,85.0,85.0,85.0,0.0,0.0
22,2020-02-04,46.0,46.0,46.0,46.0,0.0,0.0
23,2020-02-05,16.0,16.0,16.0,16.0,0.0,0.0
24,2020-02-06,32.0,32.0,32.0,32.0,0.0,0.0
25,2020-02-07,64.0,64.0,64.0,64.0,0.0,0.0
26,2020-02-10,86.0,86.0,86.0,86.0,0.0,0.0
27,2020-02-11,45.0,45.0,45.0,45.0,0.0,0.0
28,2020-02-12,35.0,35.0,35.0,35.0,0.0,0.0
29,2020-02-13,46.0,46.0,46.0,46.0,0.0,0.0
30,2020-02-14,57.0,57.0,57.0,57.0,0.0,0.0
31,2020-02-18,75.0,75.0,75.0,75.0,0.0,0.0
32,2020-02-19,59.0,59.0,59.0,59.0,0.0,0.0
33,2020-02-20,61.0,61.0,61.0,61.0,0.0,0.0
34,2020-02-21,87.0,87.0,87.0,87.0,0.0,0.0
35,2020-02-24,245.0,245.0,245.0,245.0,0.0,0.0
36,2020-02-25,367.0,367.0,367.0,367.0,0.0,0.0
37,2020-02-26,352.0,352.0,352.0,352.0,0.0,0.0
38,2020-02-27,696.0,696.0,696.0,696.0,0.0,0.0
39,2020-02-28,938.0,938.0,938.0,938.0,0.0,0.0
40,2020-03-02,175.0,175.0,175.0,175.0,0.0,0.0
41,2020-03-03,171.0,171.0,171.0,171.0,0.0,0.0
42,2020-03-04,134.0,134.0,134.0,134.0,0.0,0.0
43,2020-03-05,389.0,389.0,389.0,389.0,0.0,0.0
44,2020-03-06,714.0,714.0,714.0,714.0,0.0,0.0
45,2020-03-09,1620.0,1620.0,1620.0,1620.0,0.0,0.0
46,2020-03-10,688.0,688.0,688.0,688.0,0.0,0.0
47,2020-03-11,1129.0,1129.0,1129.0,1129.0,0.0,0.0
48,2020-03-12,2377.0,2377.0,2377.0,2377.0,0.0,0.0
49,2020-03-13,644.0,644.0,644.0,644.0,0.0,0.0
50,2020-03-16,2002.0,2002.0,2002.0,2002.0,0.0,0.0
51,2020-03-17,1324.0,1324.0,1324.0,1324.0,0.0,0.0
52,2020-03-18,2233.0,2233.0,2233.0,2233.0,0.0,0.0
53,2020-03-19,1051.0,1051.0,1051.0,1051.0,0.0,0.0
54,2020-03-20,299.0,299.0,299.0,299.0,0.0,0.0
55,2020-03-23,805.0,805.0,805.0,805.0,0.0,0.0
56,2020-03-24,87.0,87.0,87.0,87.0,0.0,0.0
57,2020-03-25,54.0,54.0,54.0,54.0,0.0,0.0
58,2020-03-26,21.0,21.0,21.0,21.0,0.0,0.0
59,2020-03-27,43.0,43.0,43.0,43.0,0.0,0.0
60,2020-03-30,59.0,59.0,59.0,59.0,0.0,0.0
61,2020-03-31,29.0,29.0,29.0,29.0,0.0,0.0
62,2020-04-01,116.0,116.0,116.0,116.0,0.0,0.0
63,2020-04-02,117.0,117.0,117.0,117.0,0.0,0.0
64,2020-04-03,180.0,180.0,180.0,180.0,0.0,0.0
65,2020-04-06,20.0,20.0,20.0,20.0,0.0,0.0
66,2020-04-07,16.0,16.0,16.0,16.0,0.0,0.0
67,2020-04-08,6.0,6.0,6.0,6.0,0.0,0.0
68,2020-04-09,2.0,2.0,2.0,2.0,0.0,0.0
69,2020-04-13,9.0,9.0,9.0,9.0,0.0,0.0
70,2020-04-14,6.0,6.0,6.0,6.0,0.0,0.0
71,2020-04-15,22.0,22.0,22.0,22.0,0.0,0.0
72,2020-04-16,32.0,32.0,32.0,32.0,0.0,0.0
73,2020-04-17,10.0,10.0,10.0,10.0,0.0,0.0
74,2020-04-20,14.0,14.0,14.0,14.0,0.0,0.0
75,2020-04-21,31.0,31.0,31.0,31.0,0.0,0.0
76,2020-04-22,22.0,22.0,22.0,22.0,0.0,0.0
77,2020-04-23,18.0,18.0,18.0,18.0,0.0,0.0
78,2020-04-24,23.0,23.0,23.0,23.0,0.0,0.0
79,2020-04-27,9.0,9.0,9.0,9.0,0.0,0.0
80,2020-04-28,4.0,4.0,4.0,4.0,0.0,0.0
81,2020-04-29,4.0,4.0,4.0,4.0,0.0,0.0
82,2020-04-30,2.0,2.0,2.0,2.0,0.0,0.0
83,2020-05-01,5.0,5.0,5.0,5.0,0.0,0.0
84,2020-05-04,10.0,10.0,10.0,10.0,0.0,0.0
85,2020-05-05,7.0,7.0,7.0,7.0,0.0,0.0
86,2020-05-06,19.0,19.0,19.0,19.0,0.0,0.0
87,2020-05-07,15.0,15.0,15.0,15.0,0.0,0.0
88,2020-05-08,6.0,6.0,6.0,6.0,0.0,0.0
89,2020-05-11,14.0,14.0,14.0,14.0,0.0,0.0
90,2020-05-12,25.0,25.0,25.0,25.0,0.0,0.0
91,2020-05-13,72.0,72.0,72.0,72.0,0.0,0.0
92,2020-05-14,104.0,104.0,104.0,104.0,0.0,0.0
93,2020-05-15,17.0,17.0,17.0,17.0,0.0,0.0
94,2020-05-18,8.0,8.0,8.0,8.0,0.0,0.0
95,2020-05-19,9.0,9.0,9.0,9.0,0.0,0.0
96,2020-05-20,7.0,7.0,7.0,7.0,0.0,0.0
97,2020-05-21,6.0,6.0,6.0,6.0,0.0,0.0
98,2020-05-22,7.0,7.0,7.0,7.0,0.0,0.0
99,2020-05-26,3.0,3.0,3.0,3.0,0.0,0.0
100,2020-05-27,7.0,7.0,7.0,7.0,0.0,0.0
101,2020-05-28,1.0,1.0,1.0,1.0,0.0,0.0
102,2020-05-29,13.0,13.0,13.0,13.0,0.0,0.0
103,2020-06-01,5.0,5.0,5.0,5.0,0.0,0.0
104,2020-06-02,4.0,4.0,4.0,4.0,0.0,0.0
105,2020-06-03,2.0,2.0,2.0,2.0,0.0,0.0
106,2020-06-04,3.0,3.0,3.0,3.0,0.0,0.0
107,2020-06-05,0.0,0.0,0.0,0.0,0.0,0.0
108,2020-06-08,4.0,4.0,4.0,4.0,0.0,0.0
109,2020-06-09,3.0,3.0,3.0,3.0,0.0,0.0
110,2020-06-10,1.0,1.0,1.0,1.0,0.0,0.0
111,2020-06-11,4.0,4.0,4.0,4.0,0.0,0.0
112,2020-06-12,2.0,2.0,2.0,2.0,0.0,0.0
113,2020-06-15,6.0,6.0,6.0,6.0,0.0,0.0
114,2020-06-16,1.0,1.0,1.0,1.0,0.0,0.0
115,2020-06-17,0.0,0.0,0.0,0.0,0.0,0.0
116,2020-06-18,4.0,4.0,4.0,4.0,0.0,0.0
117,2020-06-19,6.0,6.0,6.0,6.0,0.0,0.0
118,2020-06-22,6.0,6.0,6.0,6.0,0.0,0.0
119,2020-06-23,3.0,3.0,3.0,3.0,0.0,0.0
120,2020-06-24,12.0,12.0,12.0,12.0,0.0,0.0
121,2020-06-25,16.0,16.0,16.0,16.0,0.0,0.0
122,2020-06-26,13.0,13.0,13.0,13.0,0.0,0.0
123,2020-06-29,2.0,2.0,2.0,2.0,0.0,0.0
124,2020-06-30,6.0,6.0,6.0,6.0,0.0,0.0
125,2020-07-01,2.0,2.0,2.0,2.0,0.0,0.0
126,2020-07-02,3.0,3.0,3.0,3.0,0.0,0.0
127,2020-07-06,3.0,3.0,3.0,3.0,0.0,0.0
128,2020-07-07,5.0,5.0,5.0,5.0,0.0,0.0
129,2020-07-08,11.0,11.0,11.0,11.0,0.0,0.0
130,2020-07-09,16.0,16.0,16.0,16.0,0.0,0.0
131,2020-07-10,8.0,8.0,8.0,8.0,0.0,0.0
132,2020-07-13,6.0,6.0,6.0,6.0,0.0,0.0
133,2020-07-14,12.0,12.0,12.0,12.0,0.0,0.0
134,2020-07-15,4.0,4.0,4.0,4.0,0.0,0.0
135,2020-07-16,6.0,6.0,6.0,6.0,0.0,0.0
136,2020-07-17,1.0,1.0,1.0,1.0,0.0,0.0
137,2020-07-20,10.0,10.0,10.0,10.0,0.0,0.0
138,2020-07-21,3.0,3.0,3.0,3.0,0.0,0.0
139,2020-07-22,5.0,5.0,5.0,5.0,0.0,0.0
140,2020-07-23,9.0,9.0,9.0,9.0,0.0,0.0
141,2020-07-24,5.0,5.0,5.0,5.0,0.0,0.0
142,2020-07-27,8.0,8.0,8.0,8.0,0.0,0.0
143,2020-07-28,8.0,8.0,8.0,8.0,0.0,0.0
144,2020-07-29,13.0,13.0,13.0,13.0,0.0,0.0
145,2020-07-30,13.0,13.0,13.0,13.0,0.0,0.0
146,2020-07-31,19.0,19.0,19.0,19.0,0.0,0.0
147,2020-08-03,18.0,18.0,18.0,18.0,0.0,0.0
148,2020-08-04,10.0,10.0,10.0,10.0,0.0,0.0
149,2020-08-05,4.0,4.0,4.0,4.0,0.0,0.0
150,2020-08-06,6.0,6.0,6.0,6.0,0.0,0.0
151,2020-08-07,8.0,8.0,8.0,8.0,0.0,0.0
152,2020-08-10,5.0,5.0,5.0,5.0,0.0,0.0
153,2020-08-11,3.0,3.0,3.0,3.0,0.0,0.0
154,2020-08-12,1.0,1.0,1.0,1.0,0.0,0.0
155,2020-08-13,3.0,3.0,3.0,3.0,0.0,0.0
156,2020-08-14,7.0,7.0,7.0,7.0,0.0,0.0
157,2020-08-17,11.0,11.0,11.0,11.0,0.0,0.0
158,2020-08-18,11.0,11.0,11.0,11.0,0.0,0.0
159,2020-08-19,21.0,21.0,21.0,21.0,0.0,0.0
160,2020-08-20,20.0,20.0,20.0,20.0,0.0,0.0
161,2020-08-21,29.0,29.0,29.0,29.0,0.0,0.0
162,2020-08-24,10.0,10.0,10.0,10.0,0.0,0.0
163,2020-08-25,11.0,11.0,11.0,11.0,0.0,0.0
164,2020-08-26,11.0,11.0,11.0,11.0,0.0,0.0
165,2020-08-27,12.0,12.0,12.0,12.0,0.0,0.0
166,2020-08-28,12.0,12.0,12.0,12.0,0.0,0.0
167,2020-08-31,9.0,9.0,9.0,9.0,0.0,0.0
168,2020-09-01,16.0,16.0,16.0,16.0,0.0,0.0
169,2020-09-02,12.0,12.0,12.0,12.0,0.0,0.0
170,2020-09-03,14.0,14.0,14.0,14.0,0.0,0.0
171,2020-09-04,20.0,20.0,20.0,20.0,0.0,0.0
172,2020-09-08,24.0,24.0,24.0,24.0,0.0,0.0
173,2020-09-09,16.0,16.0,16.0,16.0,0.0,0.0
174,2020-09-10,22.0,22.0,22.0,22.0,0.0,0.0
175,2020-09-11,24.0,24.0,24.0,24.0,0.0,0.0
176,2020-09-14,12.0,12.0,12.0,12.0,0.0,0.0
177,2020-09-15,10.0,10.0,10.0,10.0,0.0,0.0
178,2020-09-16,7.0,7.0,7.0,7.0,0.0,0.0
179,2020-09-17,11.0,11.0,11.0,11.0,0.0,0.0
180,2020-09-18,22.0,22.0,22.0,22.0,0.0,0.0
181,2020-09-21,42.0,42.0,42.0,42.0,0.0,0.0
182,2020-09-22,26.0,26.0,26.0,26.0,0.0,0.0
183,2020-09-23,54.0,54.0,54.0,54.0,0.0,0.0
184,2020-09-24,72.0,72.0,72.0,72.0,0.0,0.0
185,2020-09-25,25.0,25.0,25.0,25.0,0.0,0.0
186,2020-09-28,10.0,10.0,10.0,10.0,0.0,0.0
187,2020-09-29,11.0,11.0,11.0,11.0,0.0,0.0
188,2020-09-30,14.0,14.0,14.0,14.0,0.0,0.0
189,2020-10-01,22.0,22.0,22.0,22.0,0.0,0.0
190,2020-10-02,37.0,37.0,37.0,37.0,0.0,0.0
191,2020-10-05,22.0,22.0,22.0,22.0,0.0,0.0
192,2020-10-06,18.0,18.0,18.0,18.0,0.0,0.0
193,2020-10-07,23.0,23.0,23.0,23.0,0.0,0.0
194,2020-10-08,14.0,14.0,14.0,14.0,0.0,0.0
195,2020-10-09,17.0,17.0,17.0,17.0,0.0,0.0
196,2020-10-12,14.0,14.0,14.0,14.0,0.0,0.0
197,2020-10-13,17.0,17.0,17.0,17.0,0.0,0.0
198,2020-10-14,19.0,19.0,19.0,19.0,0.0,0.0
199,2020-10-15,20.0,20.0,20.0,20.0,0.0,0.0
200,2020-10-16,9.0,9.0,9.0,9.0,0.0,0.0
201,2020-10-19,21.0,21.0,21.0,21.0,0.0,0.0
202,2020-10-20,12.0,12.0,12.0,12.0,0.0,0.0
203,2020-10-21,26.0,26.0,26.0,26.0,0.0,0.0
204,2020-10-22,26.0,26.0,26.0,26.0,0.0,0.0
205,2020-10-23,21.0,21.0,21.0,21.0,0.0,0.0
206,2020-10-26,45.0,45.0,45.0,45.0,0.0,0.0
207,2020-10-27,34.0,34.0,34.0,34.0,0.0,0.0
208,2020-10-28,98.0,98.0,98.0,98.0,0.0,0.0
209,2020-10-29,87.0,87.0,87.0,87.0,0.0,0.0
210,2020-10-30,64.0,64.0,64.0,64.0,0.0,0.0
211,2020-11-02,29.0,29.0,29.0,29.0,0.0,0.0
212,2020-11-03,13.0,13.0,13.0,13.0,0.0,0.0
213,2020-11-04,14.0,14.0,14.0,14.0,0.0,0.0
214,2020-11-05,17.0,17.0,17.0,17.0,0.0,0.0
215,2020-11-06,22.0,22.0,22.0,22.0,0.0,0.0
216,2020-11-09,12.0,12.0,12.0,12.0,0.0,0.0
217,2020-11-10,10.0,10.0,10.0,10.0,0.0,0.0
218,2020-11-11,7.0,7.0,7.0,7.0,0.0,0.0
219,2020-11-12,7.0,7.0,7.0,7.0,0.0,0.0
220,2020-11-13,5.0,5.0,5.0,5.0,0.0,0.0
221,2020-11-16,3.0,3.0,3.0,3.0,0.0,0.0
222,2020-11-17,1.0,1.0,1.0,1.0,0.0,0.0
223,2020-11-18,3.0,3.0,3.0,3.0,0.0,0.0
224,2020-11-19,6.0,6.0,6.0,6.0,0.0,0.0
225,2020-11-20,5.0,5.0,5.0,5.0,0.0,0.0
226,2020-11-23,3.0,3.0,3.0,3.0,0.0,0.0
227,2020-11-24,4.0,4.0,4.0,4.0,0.0,0.0
228,2020-11-25,1.0,1.0,1.0,1.0,0.0,0.0
229,2020-11-27,1.0,1.0,1.0,1.0,0.0,0.0
230,2020-11-30,4.0,4.0,4.0,4.0,0.0,0.0
231,2020-12-01,3.0,3.0,3.0,3.0,0.0,0.0
232,2020-12-02,5.0,5.0,5.0,5.0,0.0,0.0
233,2020-12-03,2.0,2.0,2.0,2.0,0.0,0.0
234,2020-12-04,4.0,4.0,4.0,4.0,0.0,0.0
235,2020-12-07,2.0,2.0,2.0,2.0,0.0,0.0
236,2020-12-08,3.0,3.0,3.0,3.0,0.0,0.0
237,2020-12-09,2.0,2.0,2.0,2.0,0.0,0.0
238,2020-12-10,3.0,3.0,3.0,3.0,0.0,0.0
239,2020-12-11,2.0,2.0,2.0,2.0,0.0,0.0
240,2020-12-14,2.0,2.0,2.0,2.0,0.0,0.0
241,2020-12-15,5.0,5.0,5.0,5.0,0.0,0.0
242,2020-12-16,8.0,8.0,8.0,8.0,0.0,0.0
243,2020-12-17,6.0,6.0,6.0,6.0,0.0,0.0
244,2020-12-18,4.0,4.0,4.0,4.0,0.0,0.0
245,2020-12-21,6.0,6.0,6.0,6.0,0.0,0.0
246,2020-12-22,4.0,4.0,4.0,4.0,0.0,0.0
247,2020-12-23,4.0,4.0,4.0,4.0,0.0,0.0
248,2020-12-24,2.0,2.0,2.0,2.0,0.0,0.0
249,2020-12-28,6.0,6.0,6.0,6.0,0.0,0.0
250,2020-12-29,5.0,5.0,5.0,5.0,0.0,0.0
251,2020-12-30,2.0,2.0,2.0,2.0,0.0,0.0
252,2020-12-31,5.0,5.0,5.0,5.0,0.0,0.0
253,2021-01-04,5.0,5.0,5.0,5.0,0.0,0.0
254,2021-01-05,4.0,4.0,4.0,4.0,0.0,0.0
255,2021-01-06,6.0,6.0,6.0,6.0,0.0,0.0
256,2021-01-07,5.0,5.0,5.0,5.0,0.0,0.0
257,2021-01-08,0.0,0.0,0.0,0.0,0.0,0.0
258,2021-01-11,5.0,5.0,5.0,5.0,0.0,0.0
259,2021-01-12,11.0,11.0,11.0,11.0,0.0,0.0
260,2021-01-13,2.0,2.0,2.0,2.0,0.0,0.0
261,2021-01-14,3.0,3.0,3.0,3.0,0.0,0.0
262,2021-01-15,4.0,4.0,4.0,4.0,0.0,0.0
263,2021-01-19,3.0,3.0,3.0,3.0,0.0,0.0
264,2021-01-20,1.0,1.0,1.0,1.0,0.0,0.0
265,2021-01-21,1.0,1.0,1.0,1.0,0.0,0.0
266,2021-01-22,2.0,2.0,2.0,2.0,0.0,0.0
267,2021-01-25,2.0,2.0,2.0,2.0,0.0,0.0
268,2021-01-26,3.0,3.0,3.0,3.0,0.0,0.0
269,2021-01-27,33.0,33.0,33.0,33.0,0.0,0.0
270,2021-01-28,9.0,9.0,9.0,9.0,0.0,0.0
271,2021-01-29,5.0,5.0,5.0,5.0,0.0,0.0
272,2021-02-01,2.0,2.0,2.0,2.0,0.0,0.0
273,2021-02-02,0.0,0.0,0.0,0.0,0.0,0.0
274,2021-02-03,0.0,0.0,0.0,0.0,0.0,0.0
275,2021-02-04,3.0,3.0,3.0,3.0,0.0,0.0
276,2021-02-05,2.0,2.0,2.0,2.0,0.0,0.0
277,2021-02-08,2.0,2.0,2.0,2.0,0.0,0.0
278,2021-02-09,2.0,2.0,2.0,2.0,0.0,0.0
279,2021-02-10,6.0,6.0,6.0,6.0,0.0,0.0
280,2021-02-11,8.0,8.0,8.0,8.0,0.0,0.0
281,2021-02-12,5.0,5.0,5.0,5.0,0.0,0.0
282,2021-02-16,9.0,9.0,9.0,9.0,0.0,0.0
283,2021-02-17,10.0,10.0,10.0,10.0,0.0,0.0
284,2021-02-18,11.0,11.0,11.0,11.0,0.0,0.0
285,2021-02-19,8.0,8.0,8.0,8.0,0.0,0.0
286,2021-02-22,15.0,15.0,15.0,15.0,0.0,0.0
287,2021-02-23,43.0,43.0,43.0,43.0,0.0,0.0
288,2021-02-24,21.0,21.0,21.0,21.0,0.0,0.0
289,2021-02-25,61.0,61.0,61.0,61.0,0.0,0.0
290,2021-02-26,65.0,65.0,65.0,65.0,0.0,0.0
291,2021-03-01,25.0,25.0,25.0,25.0,0.0,0.0
292,2021-03-02,89.0,89.0,89.0,89.0,0.0,0.0
293,2021-03-03,70.0,70.0,70.0,70.0,0.0,0.0
294,2021-03-04,154.0,154.0,154.0,154.0,0.0,0.0
295,2021-03-05,93.0,93.0,93.0,93.0,0.0,0.0
296,2021-03-08,15.0,15.0,15.0,15.0,0.0,0.0
297,2021-03-09,9.0,9.0,9.0,9.0,0.0,0.0
298,2021-03-10,14.0,14.0,14.0,14.0,0.0,0.0
299,2021-03-11,7.0,7.0,7.0,7.0,0.0,0.0
300,2021-03-12,13.0,13.0,13.0,13.0,0.0,0.0
301,2021-03-15,15.0,15.0,15.0,15.0,0.0,0.0
302,2021-03-16,15.0,15.0,15.0,15.0,0.0,0.0
303,2021-03-17,26.0,26.0,26.0,26.0,0.0,0.0
304,2021-03-18,34.0,34.0,34.0,34.0,0.0,0.0
305,2021-03-19,38.0,38.0,38.0,38.0,0.0,0.0
306,2021-03-22,30.0,30.0,30.0,30.0,0.0,0.0
307,2021-03-23,106.0,106.0,106.0,106.0,0.0,0.0
308,2021-03-24,129.0,129.0,129.0,129.0,0.0,0.0
309,2021-03-25,207.0,207.0,207.0,207.0,0.0,0.0
310,2021-03-26,24.0,24.0,24.0,24.0,0.0,0.0
311,2021-03-29,20.0,20.0,20.0,20.0,0.0,0.0
312,2021-03-30,37.0,37.0,37.0,37.0,0.0,0.0
313,2021-03-31,15.0,15.0,15.0,15.0,0.0,0.0
314,2021-04-01,11.0,11.0,11.0,11.0,0.0,0.0
315,2021-04-05,15.0,15.0,15.0,15.0,0.0,0.0
316,2021-04-06,7.0,7.0,7.0,7.0,0.0,0.0
317,2021-04-07,10.0,10.0,10.0,10.0,0.0,0.0
318,2021-04-08,9.0,9.0,9.0,9.0,0.0,0.0
319,2021-04-09,15.0,15.0,15.0,15.0,0.0,0.0
320,2021-04-12,17.0,17.0,17.0,17.0,0.0,0.0
321,2021-04-13,16.0,16.0,16.0,16.0,0.0,0.0
322,2021-04-14,19.0,19.0,19.0,19.0,0.0,0.0
323,2021-04-15,25.0,25.0,25.0,25.0,0.0,0.0
324,2021-04-16,21.0,21.0,21.0,21.0,0.0,0.0
325,2021-04-19,32.0,32.0,32.0,32.0,0.0,0.0
326,2021-04-20,44.0,44.0,44.0,44.0,0.0,0.0
327,2021-04-21,41.0,41.0,41.0,41.0,0.0,0.0
328,2021-04-22,14.0,14.0,14.0,14.0,0.0,0.0
329,2021-04-23,14.0,14.0,14.0,14.0,0.0,0.0
330,2021-04-26,16.0,16.0,16.0,16.0,0.0,0.0
331,2021-04-27,12.0,12.0,12.0,12.0,0.0,0.0
332,2021-04-28,20.0,20.0,20.0,20.0,0.0,0.0
333,2021-04-29,17.0,17.0,17.0,17.0,0.0,0.0
334,2021-04-30,26.0,26.0,26.0,26.0,0.0,0.0
335,2021-05-03,18.0,18.0,18.0,18.0,0.0,0.0
336,2021-05-04,28.0,28.0,28.0,28.0,0.0,0.0
337,2021-05-05,20.0,20.0,20.0,20.0,0.0,0.0
338,2021-05-06,37.0,37.0,37.0,37.0,0.0,0.0
339,2021-05-07,23.0,23.0,23.0,23.0,0.0,0.0
340,2021-05-10,52.0,52.0,52.0,52.0,0.0,0.0
341,2021-05-11,95.0,95.0,95.0,95.0,0.0,0.0
342,2021-05-12,58.0,58.0,58.0,58.0,0.0,0.0
343,2021-05-13,88.0,88.0,88.0,88.0,0.0,0.0
344,2021-05-14,36.0,36.0,36.0,36.0,0.0,0.0
345,2021-05-17,41.0,41.0,41.0,41.0,0.0,0.0
346,2021-05-18,24.0,24.0,24.0,24.0,0.0,0.0
347,2021-05-19,33.0,33.0,33.0,33.0,0.0,0.0
348,2021-05-20,21.0,21.0,21.0,21.0,0.0,0.0
349,2021-05-21,17.0,17.0,17.0,17.0,0.0,0.0
350,2021-05-24,26.0,26.0,26.0,26.0,0.0,0.0
351,2021-05-25,26.0,26.0,26.0,26.0,0.0,0.0
352,2021-05-26,24.0,24.0,24.0,24.0,0.0,0.0
353,2021-05-27,25.0,25.0,25.0,25.0,0.0,0.0
354,2021-05-28,17.0,17.0,17.0,17.0,0.0,0.0
355,2021-06-01,23.0,23.0,23.0,23.0,0.0,0.0
356,2021-06-02,8.0,8.0,8.0,8.0,0.0,0.0
357,2021-06-03,17.0,17.0,17.0,17.0,0.0,0.0
358,2021-06-04,7.0,7.0,7.0,7.0,0.0,0.0
359,2021-06-07,10.0,10.0,10.0,10.0,0.0,0.0
360,2021-06-08,10.0,10.0,10.0,10.0,0.0,0.0
361,2021-06-09,5.0,5.0,5.0,5.0,0.0,0.0
362,2021-06-10,8.0,8.0,8.0,8.0,0.0,0.0
363,2021-06-11,12.0,12.0,12.0,12.0,0.0,0.0
364,2021-06-14,12.0,12.0,12.0,12.0,0.0,0.0
365,2021-06-15,14.0,14.0,14.0,14.0,0.0,0.0
366,2021-06-16,22.0,22.0,22.0,22.0,0.0,0.0
367,2021-06-17,24.0,24.0,24.0,24.0,0.0,0.0
368,2021-06-18,29.0,29.0,29.0,29.0,0.0,0.0
369,2021-06-21,26.0,26.0,26.0,26.0,0.0,0.0
370,2021-06-22,18.0,18.0,18.0,18.0,0.0,0.0
371,2021-06-23,10.0,10.0,10.0,10.0,0.0,0.0
372,2021-06-24,7.0,7.0,7.0,7.0,0.0,0.0
373,2021-06-25,6.0,6.0,6.0,6.0,0.0,0.0
374,2021-06-28,17.0,17.0,17.0,17.0,0.0,0.0
375,2021-06-29,6.0,6.0,6.0,6.0,0.0,0.0
376,2021-06-30,12.0,12.0,12.0,12.0,0.0,0.0
377,2021-07-01,10.0,10.0,10.0,10.0,0.0,0.0
378,2021-07-02,16.0,16.0,16.0,16.0,0.0,0.0
379,2021-07-06,26.0,26.0,26.0,26.0,0.0,0.0
380,2021-07-07,38.0,38.0,38.0,38.0,0.0,0.0
381,2021-07-08,63.0,63.0,63.0,63.0,0.0,0.0
382,2021-07-09,10.0,10.0,10.0,10.0,0.0,0.0
383,2021-07-12,14.0,14.0,14.0,14.0,0.0,0.0
384,2021-07-13,19.0,19.0,19.0,19.0,0.0,0.0
385,2021-07-14,36.0,36.0,36.0,36.0,0.0,0.0
386,2021-07-15,39.0,39.0,39.0,39.0,0.0,0.0
387,2021-07-16,41.0,41.0,41.0,41.0,0.0,0.0
388,2021-07-19,96.0,96.0,96.0,96.0,0.0,0.0
389,2021-07-20,30.0,30.0,30.0,30.0,0.0,0.0
390,2021-07-21,18.0,18.0,18.0,18.0,0.0,0.0
391,2021-07-22,22.0,22.0,22.0,22.0,0.0,0.0
392,2021-07-23,50.0,50.0,50.0,50.0,0.0,0.0
393,2021-07-26,67.0,67.0,67.0,67.0,0.0,0.0
394,2021-07-27,65.0,65.0,65.0,65.0,0.0,0.0
395,2021-07-28,28.0,28.0,28.0,28.0,0.0,0.0
396,2021-07-29,24.0,24.0,24.0,24.0,0.0,0.0
397,2021-07-30,36.0,36.0,36.0,36.0,0.0,0.0
398,2021-08-02,27.0,27.0,27.0,27.0,0.0,0.0
399,2021-08-03,33.0,33.0,33.0,33.0,0.0,0.0
400,2021-08-04,41.0,41.0,41.0,41.0,0.0,0.0
401,2021-08-05,53.0,53.0,53.0,53.0,0.0,0.0
402,2021-08-06,35.0,35.0,35.0,35.0,0.0,0.0
403,2021-08-09,29.0,29.0,29.0,29.0,0.0,0.0
404,2021-08-10,48.0,48.0,48.0,48.0,0.0,0.0
405,2021-08-11,34.0,34.0,34.0,34.0,0.0,0.0
406,2021-08-12,43.0,43.0,43.0,43.0,0.0,0.0
407,2021-08-13,44.0,44.0,44.0,44.0,0.0,0.0
408,2021-08-16,80.0,80.0,80.0,80.0,0.0,0.0
409,2021-08-17,100.0,100.0,100.0,100.0,0.0,0.0
410,2021-08-18,72.0,72.0,72.0,72.0,0.0,0.0
411,2021-08-19,118.0,118.0,118.0,118.0,0.0,0.0
412,2021-08-20,96.0,96.0,96.0,96.0,0.0,0.0
413,2021-08-23,75.0,75.0,75.0,75.0,0.0,0.0
414,2021-08-24,50.0,50.0,50.0,50.0,0.0,0.0
415,2021-08-25,36.0,36.0,36.0,36.0,0.0,0.0
416,2021-08-26,42.0,42.0,42.0,42.0,0.0,0.0
417,2021-08-27,32.0,32.0,32.0,32.0,0.0,0.0
418,2021-08-30,31.0,31.0,31.0,31.0,0.0,0.0
419,2021-08-31,33.0,33.0,33.0,33.0,0.0,0.0
420,2021-09-01,19.0,19.0,19.0,19.0,0.0,0.0
421,2021-09-02,18.0,18.0,18.0,18.0,0.0,0.0
422,2021-09-03,22.0,22.0,22.0,22.0,0.0,0.0
423,2021-09-07,34.0,34.0,34.0,34.0,0.0,0.0
424,2021-09-08,37.0,37.0,37.0,37.0,0.0,0.0
425,2021-09-09,30.0,30.0,30.0,30.0,0.0,0.0
426,2021-09-10,30.0,30.0,30.0,30.0,0.0,0.0
427,2021-09-13,36.0,36.0,36.0,36.0,0.0,0.0
428,2021-09-14,56.0,56.0,56.0,56.0,0.0,0.0
429,2021-09-15,48.0,48.0,48.0,48.0,0.0,0.0
430,2021-09-16,47.0,47.0,47.0,47.0,0.0,0.0
431,2021-09-17,30.0,30.0,30.0,30.0,0.0,0.0
432,2021-09-20,88.0,88.0,88.0,88.0,0.0,0.0
433,2021-09-21,46.0,46.0,46.0,46.0,0.0,0.0
434,2021-09-22,25.0,25.0,25.0,25.0,0.0,0.0
435,2021-09-23,33.0,33.0,33.0,33.0,0.0,0.0
436,2021-09-24,44.0,44.0,44.0,44.0,0.0,0.0
437,2021-09-27,47.0,47.0,47.0,47.0,0.0,0.0
438,2021-09-28,77.0,77.0,77.0,77.0,0.0,0.0
439,2021-09-29,68.0,68.0,68.0,68.0,0.0,0.0
440,2021-09-30,82.0,82.0,82.0,82.0,0.0,0.0
441,2021-10-01,79.0,79.0,79.0,79.0,0.0,0.0
442,2021-10-04,96.0,96.0,96.0,96.0,0.0,0.0
443,2021-10-05,63.0,63.0,63.0,63.0,0.0,0.0
444,2021-10-06,95.0,95.0,95.0,95.0,0.0,0.0
445,2021-10-07,61.0,61.0,61.0,61.0,0.0,0.0
446,2021-10-08,52.0,52.0,52.0,52.0,0.0,0.0
447,2021-10-11,54.0,54.0,54.0,54.0,0.0,0.0
448,2021-10-12,60.0,60.0,60.0,60.0,0.0,0.0
449,2021-10-13,35.0,35.0,35.0,35.0,0.0,0.0
450,2021-10-14,23.0,23.0,23.0,23.0,0.0,0.0
451,2021-10-15,30.0,30.0,30.0,30.0,0.0,0.0
452,2021-10-18,47.0,47.0,47.0,47.0,0.0,0.0
453,2021-10-19,26.0,26.0,26.0,26.0,0.0,0.0
454,2021-10-20,17.0,17.0,17.0,17.0,0.0,0.0
455,2021-10-21,14.0,14.0,14.0,14.0,0.0,0.0
456,2021-10-22,22.0,22.0,22.0,22.0,0.0,0.0
457,2021-10-25,25.0,25.0,25.0,25.0,0.0,0.0
458,2021-10-26,26.0,26.0,26.0,26.0,0.0,0.0
459,2021-10-27,49.0,49.0,49.0,49.0,0.0,0.0
460,2021-10-28,45.0,45.0,45.0,45.0,0.0,0.0
461,2021-10-29,46.0,46.0,46.0,46.0,0.0,0.0
462,2021-11-01,20.0,20.0,20.0,20.0,0.0,0.0
463,2021-11-02,33.0,33.0,33.0,33.0,0.0,0.0
464,2021-11-03,21.0,21.0,21.0,21.0,0.0,0.0
465,2021-11-04,29.0,29.0,29.0,29.0,0.0,0.0
466,2021-11-05,24.0,24.0,24.0,24.0,0.0,0.0
467,2021-11-08,15.0,15.0,15.0,15.0,0.0,0.0
468,2021-11-09,29.0,29.0,29.0,29.0,0.0,0.0
469,2021-11-10,38.0,38.0,38.0,38.0,0.0,0.0
470,2021-11-11,51.0,51.0,51.0,51.0,0.0,0.0
471,2021-11-12,41.0,41.0,41.0,41.0,0.0,0.0
472,2021-11-15,44.0,44.0,44.0,44.0,0.0,0.0
473,2021-11-16,56.0,56.0,56.0,56.0,0.0,0.0
474,2021-11-17,82.0,82.0,82.0,82.0,0.0,0.0
475,2021-11-18,108.0,108.0,108.0,108.0,0.0,0.0
476,2021-11-19,112.0,112.0,112.0,112.0,0.0,0.0
477,2021-11-22,129.0,129.0,129.0,129.0,0.0,0.0
478,2021-11-23,177.0,177.0,177.0,177.0,0.0,0.0
479,2021-11-24,87.0,87.0,87.0,87.0,0.0,0.0
480,2021-11-26,202.0,202.0,202.0,202.0,0.0,0.0
481,2021-11-29,125.0,125.0,125.0,125.0,0.0,0.0
482,2021-11-30,280.0,280.0,280.0,280.0,0.0,0.0
483,2021-12-01,237.0,237.0,237.0,237.0,0.0,0.0
484,2021-12-02,188.0,188.0,188.0,188.0,0.0,0.0
485,2021-12-03,208.0,208.0,208.0,208.0,0.0,0.0
486,2021-12-06,137.0,137.0,137.0,137.0,0.0,0.0
487,2021-12-07,23.0,23.0,23.0,23.0,0.0,0.0
488,2021-12-08,19.0,19.0,19.0,19.0,0.0,0.0
489,2021-12-09,53.0,53.0,53.0,53.0,0.0,0.0
490,2021-12-10,73.0,73.0,73.0,73.0,0.0,0.0
491,2021-12-13,120.0,120.0,120.0,120.0,0.0,0.0
492,2021-12-14,176.0,176.0,176.0,176.0,0.0,0.0
493,2021-12-15,230.0,230.0,230.0,230.0,0.0,0.0
494,2021-12-16,97.0,97.0,97.0,97.0,0.0,0.0
495,2021-12-17,162.0,162.0,162.0,162.0,0.0,0.0
496,2021-12-20,241.0,241.0,241.0,241.0,0.0,0.0
497,2021-12-21,61.0,61.0,61.0,61.0,0.0,0.0
498,2021-12-22,56.0,56.0,56.0,56.0,0.0,0.0
499,2021-12-23,28.0,28.0,28.0,28.0,0.0,0.0
500,2021-12-27,43.0,43.0,43.0,43.0,0.0,0.0
501,2021-12-28,62.0,62.0,62.0,62.0,0.0,0.0
502,2021-12-29,89.0,89.0,89.0,89.0,0.0,0.0
503,2021-12-30,55.0,55.0,55.0,55.0,0.0,0.0
504,2021-12-31,42.0,42.0,42.0,42.0,0.0,0.0
505,2022-01-03,29.0,29.0,29.0,29.0,0.0,0.0
506,2022-01-04,49.0,49.0,49.0,49.0,0.0,0.0
507,2022-01-05,118.0,118.0,118.0,118.0,0.0,0.0
508,2022-01-06,185.0,185.0,185.0,185.0,0.0,0.0
509,2022-01-07,105.0,105.0,105.0,105.0,0.0,0.0
510,2022-01-10,205.0,205.0,205.0,205.0,0.0,0.0
511,2022-01-11,57.0,57.0,57.0,57.0,0.0,0.0
512,2022-01-12,64.0,64.0,64.0,64.0,0.0,0.0
513,2022-01-13,103.0,103.0,103.0,103.0,0.0,0.0
514,2022-01-14,199.0,199.0,199.0,199.0,0.0,0.0
515,2022-01-18,299.0,299.0,299.0,299.0,0.0,0.0
516,2022-01-19,312.0,312.0,312.0,312.0,0.0,0.0
517,2022-01-20,264.0,264.0,264.0,264.0,0.0,0.0
518,2022-01-21,525.0,525.0,525.0,525.0,0.0,0.0
519,2022-01-24,792.0,792.0,792.0,792.0,0.0,0.0
520,2022-01-25,159.0,159.0,159.0,159.0,0.0,0.0
521,2022-01-26,193.0,193.0,193.0,193.0,0.0,0.0
522,2022-01-27,429.0,429.0,429.0,429.0,0.0,0.0
523,2022-01-28,542.0,542.0,542.0,542.0,0.0,0.0
524,2022-01-31,118.0,118.0,118.0,118.0,0.0,0.0
525,2022-02-01,48.0,48.0,48.0,48.0,0.0,0.0
526,2022-02-02,55.0,55.0,55.0,55.0,0.0,0.0
527,2022-02-03,150.0,150.0,150.0,150.0,0.0,0.0
528,2022-02-04,265.0,265.0,265.0,265.0,0.0,0.0
529,2022-02-07,199.0,199.0,199.0,199.0,0.0,0.0
530,2022-02-08,242.0,242.0,242.0,242.0,0.0,0.0
531,2022-02-09,148.0,148.0,148.0,148.0,0.0,0.0
532,2022-02-10,349.0,349.0,349.0,349.0,0.0,0.0
533,2022-02-11,375.0,375.0,375.0,375.0,0.0,0.0
534,2022-02-14,486.0,486.0,486.0,486.0,0.0,0.0
535,2022-02-15,181.0,181.0,181.0,181.0,0.0,0.0
536,2022-02-16,157.0,157.0,157.0,157.0,0.0,0.0
537,2022-02-17,156.0,156.0,156.0,156.0,0.0,0.0
538,2022-02-18,178.0,178.0,178.0,178.0,0.0,0.0
539,2022-02-22,337.0,337.0,337.0,337.0,0.0,0.0
540,2022-02-23,394.0,394.0,394.0,394.0,0.0,0.0
541,2022-02-24,792.0,792.0,792.0,792.0,0.0,0.0
542,2022-02-25,73.0,73.0,73.0,73.0,0.0,0.0
543,2022-02-28,104.0,104.0,104.0,104.0,0.0,0.0
544,2022-03-01,133.0,133.0,133.0,133.0,0.0,0.0
545,2022-03-02,99.0,99.0,99.0,99.0,0.0,0.0
546,2022-03-03,125.0,125.0,125.0,125.0,0.0,0.0
547,2022-03-04,275.0,275.0,275.0,275.0,0.0,0.0
548,2022-03-07,486.0,486.0,486.0,486.0,0.0,0.0
549,2022-03-08,500.0,500.0,500.0,500.0,0.0,0.0
550,2022-03-09,97.0,97.0,97.0,97.0,0.0,0.0
551,2022-03-10,241.0,241.0,241.0,241.0,0.0,0.0
552,2022-03-11,338.0,338.0,338.0,338.0,0.0,0.0
553,2022-03-14,724.0,724.0,724.0,724.0,0.0,0.0
554,2022-03-15,390.0,390.0,390.0,390.0,0.0,0.0
555,2022-03-16,174.0,174.0,174.0,174.0,0.0,0.0
556,2022-03-17,67.0,67.0,67.0,67.0,0.0,0.0
557,2022-03-18,57.0,57.0,57.0,57.0,0.0,0.0
558,2022-03-21,61.0,61.0,61.0,61.0,0.0,0.0
559,2022-03-22,74.0,74.0,74.0,74.0,0.0,0.0
560,2022-03-23,80.0,80.0,80.0,80.0,0.0,0.0
561,2022-03-24,98.0,98.0,98.0,98.0,0.0,0.0
562,2022-03-25,187.0,187.0,187.0,187.0,0.0,0.0
563,2022-03-28,139.0,139.0,139.0,139.0,0.0,0.0
564,2022-03-29,74.0,74.0,74.0,74.0,0.0,0.0
565,2022-03-30,25.0,25.0,25.0,25.0,0.0,0.0
566,2022-03-31,73.0,73.0,73.0,73.0,0.0,0.0
567,2022-04-01,76.0,76.0,76.0,76.0,0.0,0.0
568,2022-04-04,47.0,47.0,47.0,47.0,0.0,0.0
569,2022-04-05,116.0,116.0,116.0,116.0,0.0,0.0
570,2022-04-06,271.0,271.0,271.0,271.0,0.0,0.0
571,2022-04-07,261.0,261.0,261.0,261.0,0.0,0.0
572,2022-04-08,215.0,215.0,215.0,215.0,0.0,0.0
573,2022-04-11,311.0,311.0,311.0,311.0,0.0,0.0
574,2022-04-12,276.0,276.0,276.0,276.0,0.0,0.0
575,2022-04-13,241.0,241.0,241.0,241.0,0.0,0.0
576,2022-04-14,278.0,278.0,278.0,278.0,0.0,0.0
577,2022-04-18,321.0,321.0,321.0,321.0,0.0,0.0
578,2022-04-19,285.0,285.0,285.0,285.0,0.0,0.0
579,2022-04-20,97.0,97.0,97.0,97.0,0.0,0.0
580,2022-04-21,251.0,251.0,251.0,251.0,0.0,0.0
581,2022-04-22,412.0,412.0,412.0,412.0,0.0,0.0
582,2022-04-25,440.0,440.0,440.0,440.0,0.0,0.0
583,2022-04-26,392.0,392.0,392.0,392.0,0.0,0.0
584,2022-04-27,591.0,591.0,591.0,591.0,0.0,0.0
585,2022-04-28,523.0,523.0,523.0,523.0,0.0,0.0
586,2022-04-29,332.0,332.0,332.0,332.0,0.0,0.0
587,2022-05-02,628.0,628.0,628.0,628.0,0.0,0.0
588,2022-05-03,279.0,279.0,279.0,279.0,0.0,0.0
589,2022-05-04,332.0,332.0,332.0,332.0,0.0,0.0
590,2022-05-05,379.0,379.0,379.0,379.0,0.0,0.0
591,2022-05-06,616.0,616.0,616.0,616.0,0.0,0.0
592,2022-05-09,1063.0,1063.0,1063.0,1063.0,0.0,0.0
593,2022-05-10,911.0,911.0,911.0,911.0,0.0,0.0
594,2022-05-11,784.0,784.0,784.0,784.0,0.0,0.0
595,2022-05-12,1044.0,1044.0,1044.0,1044.0,0.0,0.0
596,2022-05-13,202.0,202.0,202.0,202.0,0.0,0.0
597,2022-05-16,188.0,188.0,188.0,188.0,0.0,0.0
598,2022-05-17,171.0,171.0,171.0,171.0,0.0,0.0
599,2022-05-18,346.0,346.0,346.0,346.0,0.0,0.0
600,2022-05-19,323.0,323.0,323.0,323.0,0.0,0.0
601,2022-05-20,364.0,364.0,364.0,364.0,0.0,0.0
602,2022-05-23,143.0,143.0,143.0,143.0,0.0,0.0
603,2022-05-24,282.0,282.0,282.0,282.0,0.0,0.0
604,2022-05-25,82.0,82.0,82.0,82.0,0.0,0.0
605,2022-05-26,40.0,40.0,40.0,40.0,0.0,0.0
606,2022-05-27,36.0,36.0,36.0,36.0,0.0,0.0
607,2022-05-31,33.0,33.0,33.0,33.0,0.0,0.0
608,2022-06-01,52.0,52.0,52.0,52.0,0.0,0.0
609,2022-06-02,38.0,38.0,38.0,38.0,0.0,0.0
610,2022-06-03,25.0,25.0,25.0,25.0,0.0,0.0
611,2022-06-06,54.0,54.0,54.0,54.0,0.0,0.0
612,2022-06-07,66.0,66.0,66.0,66.0,0.0,0.0
613,2022-06-08,51.0,51.0,51.0,51.0,0.0,0.0
614,2022-06-09,111.0,111.0,111.0,111.0,0.0,0.0
615,2022-06-10,251.0,251.0,251.0,251.0,0.0,0.0
616,2022-06-13,801.0,801.0,801.0,801.0,0.0,0.0
617,2022-06-14,850.0,850.0,850.0,850.0,0.0,0.0
618,2022-06-15,337.0,337.0,337.0,337.0,0.0,0.0
619,2022-06-16,1092.0,1092.0,1092.0,1092.0,0.0,0.0
620,2022-06-17,566.0,566.0,566.0,566.0,0.0,0.0
621,2022-06-21,158.0,158.0,158.0,158.0,0.0,0.0
622,2022-06-22,270.0,270.0,270.0,270.0,0.0,0.0
623,2022-06-23,261.0,261.0,261.0,261.0,0.0,0.0
624,2022-06-24,68.0,68.0,68.0,68.0,0.0,0.0
625,2022-06-27,65.0,65.0,65.0,65.0,0.0,0.0
626,2022-06-28,89.0,89.0,89.0,89.0,0.0,0.0
627,2022-06-29,199.0,199.0,199.0,199.0,0.0,0.0
628,2022-06-30,342.0,342.0,342.0,342.0,0.0,0.0
629,2022-07-01,205.0,205.0,205.0,205.0,0.0,0.0
630,2022-07-05,313.0,313.0,313.0,313.0,0.0,0.0
631,2022-07-06,182.0,182.0,182.0,182.0,0.0,0.0
632,2022-07-07,59.0,59.0,59.0,59.0,0.0,0.0
633,2022-07-08,56.0,56.0,56.0,56.0,0.0,0.0
634,2022-07-11,132.0,132.0,132.0,132.0,0.0,0.0
635,2022-07-12,158.0,158.0,158.0,158.0,0.0,0.0
636,2022-07-13,211.0,211.0,211.0,211.0,0.0,0.0
637,2022-07-14,379.0,379.0,379.0,379.0,0.0,0.0
638,2022-07-15,90.0,90.0,90.0,90.0,0.0,0.0
639,2022-07-18,60.0,60.0,60.0,60.0,0.0,0.0
640,2022-07-19,48.0,48.0,48.0,48.0,0.0,0.0
641,2022-07-20,31.0,31.0,31.0,31.0,0.0,0.0
642,2022-07-21,42.0,42.0,42.0,42.0,0.0,0.0
643,2022-07-22,45.0,45.0,45.0,45.0,0.0,0.0
644,2022-07-25,60.0,60.0,60.0,60.0,0.0,0.0
645,2022-07-26,70.0,70.0,70.0,70.0,0.0,0.0
646,2022-07-27,45.0,45.0,45.0,45.0,0.0,0.0
647,2022-07-28,50.0,50.0,50.0,50.0,0.0,0.0
648,2022-07-29,46.0,46.0,46.0,46.0,0.0,0.0
649,2022-08-01,48.0,48.0,48.0,48.0,0.0,0.0
650,2022-08-02,32.0,32.0,32.0,32.0,0.0,0.0
651,2022-08-03,36.0,36.0,36.0,36.0,0.0,0.0
652,2022-08-04,37.0,37.0,37.0,37.0,0.0,0.0
653,2022-08-05,46.0,46.0,46.0,46.0,0.0,0.0
654,2022-08-08,18.0,18.0,18.0,18.0,0.0,0.0
655,2022-08-09,58.0,58.0,58.0,58.0,0.0,0.0
656,2022-08-10,23.0,23.0,23.0,23.0,0.0,0.0
657,2022-08-11,28.0,28.0,28.0,28.0,0.0,0.0
658,2022-08-12,24.0,24.0,24.0,24.0,0.0,0.0
659,2022-08-15,19.0,19.0,19.0,19.0,0.0,0.0
660,2022-08-16,21.0,21.0,21.0,21.0,0.0,0.0
661,2022-08-17,34.0,34.0,34.0,34.0,0.0,0.0
662,2022-08-18,30.0,30.0,30.0,30.0,0.0,0.0
663,2022-08-19,57.0,57.0,57.0,57.0,0.0,0.0
664,2022-08-22,88.0,88.0,88.0,88.0,0.0,0.0
665,2022-08-23,62.0,62.0,62.0,62.0,0.0,0.0
666,2022-08-24,75.0,75.0,75.0,75.0,0.0,0.0
667,2022-08-25,34.0,34.0,34.0,34.0,0.0,0.0
668,2022-08-26,97.0,97.0,97.0,97.0,0.0,0.0
669,2022-08-29,137.0,137.0,137.0,137.0,0.0,0.0
670,2022-08-30,146.0,146.0,146.0,146.0,0.0,0.0
671,2022-08-31,160.0,160.0,160.0,160.0,0.0,0.0
672,2022-09-01,252.0,252.0,252.0,252.0,0.0,0.0
673,2022-09-02,101.0,101.0,101.0,101.0,0.0,0.0
674,2022-09-06,222.0,222.0,222.0,222.0,0.0,0.0
675,2022-09-07,141.0,141.0,141.0,141.0,0.0,0.0
676,2022-09-08,101.0,101.0,101.0,101.0,0.0,0.0
677,2022-09-09,29.0,29.0,29.0,29.0,0.0,0.0
678,2022-09-12,37.0,37.0,37.0,37.0,0.0,0.0
679,2022-09-13,105.0,105.0,105.0,105.0,0.0,0.0
680,2022-09-14,183.0,183.0,183.0,183.0,0.0,0.0
681,2022-09-15,176.0,176.0,176.0,176.0,0.0,0.0
682,2022-09-16,362.0,362.0,362.0,362.0,0.0,0.0
683,2022-09-19,229.0,229.0,229.0,229.0,0.0,0.0
684,2022-09-20,395.0,395.0,395.0,395.0,0.0,0.0
685,2022-09-21,372.0,372.0,372.0,372.0,0.0,0.0
686,2022-09-22,726.0,726.0,726.0,726.0,0.0,0.0
687,2022-09-23,1106.0,1106.0,1106.0,1106.0,0.0,0.0
688,2022-09-26,1083.0,1083.0,1083.0,1083.0,0.0,0.0
689,2022-09-27,893.0,893.0,893.0,893.0,0.0,0.0
690,2022-09-28,294.0,294.0,294.0,294.0,0.0,0.0
691,2022-09-29,820.0,820.0,820.0,820.0,0.0,0.0
692,2022-09-30,485.0,485.0,485.0,485.0,0.0,0.0
693,2022-10-03,237.0,237.0,237.0,237.0,0.0,0.0
694,2022-10-04,78.0,78.0,78.0,78.0,0.0,0.0
695,2022-10-05,122.0,122.0,122.0,122.0,0.0,0.0
696,2022-10-06,163.0,163.0,163.0,163.0,0.0,0.0
697,2022-10-07,397.0,397.0,397.0,397.0,0.0,0.0
698,2022-10-10,426.0,426.0,426.0,426.0,0.0,0.0
699,2022-10-11,580.0,580.0,580.0,580.0,0.0,0.0
700,2022-10-12,464.0,464.0,464.0,464.0,0.0,0.0
701,2022-10-13,934.0,934.0,934.0,934.0,0.0,0.0
702,2022-10-14,218.0,218.0,218.0,218.0,0.0,0.0
703,2022-10-17,120.0,120.0,120.0,120.0,0.0,0.0
704,2022-10-18,115.0,115.0,115.0,115.0,0.0,0.0
705,2022-10-19,310.0,310.0,310.0,310.0,0.0,0.0
706,2022-10-20,412.0,412.0,412.0,412.0,0.0,0.0
707,2022-10-21,548.0,548.0,548.0,548.0,0.0,0.0
708,2022-10-24,333.0,333.0,333.0,333.0,0.0,0.0
709,2022-10-25,113.0,113.0,113.0,113.0,0.0,0.0
710,2022-10-26,97.0,97.0,97.0,97.0,0.0,0.0
711,2022-10-27,128.0,128.0,128.0,128.0,0.0,0.0
712,2022-10-28,113.0,113.0,113.0,113.0,0.0,0.0
713,2022-10-31,109.0,109.0,109.0,109.0,0.0,0.0
714,2022-11-01,89.0,89.0,89.0,89.0,0.0,0.0
715,2022-11-02,142.0,142.0,142.0,142.0,0.0,0.0
716,2022-11-03,264.0,264.0,264.0,264.0,0.0,0.0
717,2022-11-04,217.0,217.0,217.0,217.0,0.0,0.0
718,2022-11-07,145.0,145.0,145.0,145.0,0.0,0.0
719,2022-11-08,97.0,97.0,97.0,97.0,0.0,0.0
720,2022-11-09,167.0,167.0,167.0,167.0,0.0,0.0
721,2022-11-10,50.0,50.0,50.0,50.0,0.0,0.0
722,2022-11-11,35.0,35.0,35.0,35.0,0.0,0.0
723,2022-11-14,24.0,24.0,24.0,24.0,0.0,0.0
724,2022-11-15,28.0,28.0,28.0,28.0,0.0,0.0
725,2022-11-16,55.0,55.0,55.0,55.0,0.0,0.0
726,2022-11-17,69.0,69.0,69.0,69.0,0.0,0.0
727,2022-11-18,42.0,42.0,42.0,42.0,0.0,0.0
728,2022-11-21,59.0,59.0,59.0,59.0,0.0,0.0
729,2022-11-22,68.0,68.0,68.0,68.0,0.0,0.0
730,2022-11-23,47.0,47.0,47.0,47.0,0.0,0.0
731,2022-11-25,30.0,30.0,30.0,30.0,0.0,0.0
732,2022-11-28,59.0,59.0,59.0,59.0,0.0,0.0
733,2022-11-29,68.0,68.0,68.0,68.0,0.0,0.0
734,2022-11-30,66.0,66.0,66.0,66.0,0.0,0.0
735,2022-12-01,25.0,25.0,25.0,25.0,0.0,0.0
736,2022-12-02,44.0,44.0,44.0,44.0,0.0,0.0
737,2022-12-05,55.0,55.0,55.0,55.0,0.0,0.0
738,2022-12-06,114.0,114.0,114.0,114.0,0.0,0.0
739,2022-12-07,102.0,102.0,102.0,102.0,0.0,0.0
740,2022-12-08,71.0,71.0,71.0,71.0,0.0,0.0
741,2022-12-09,63.0,63.0,63.0,63.0,0.0,0.0
742,2022-12-12,90.0,90.0,90.0,90.0,0.0,0.0
743,2022-12-13,56.0,56.0,56.0,56.0,0.0,0.0
744,2022-12-14,92.0,92.0,92.0,92.0,0.0,0.0
745,2022-12-15,126.0,126.0,126.0,126.0,0.0,0.0
746,2022-12-16,178.0,178.0,178.0,178.0,0.0,0.0
747,2022-12-19,166.0,166.0,166.0,166.0,0.0,0.0
748,2022-12-20,164.0,164.0,164.0,164.0,0.0,0.0
749,2022-12-21,73.0,73.0,73.0,73.0,0.0,0.0
750,2022-12-22,201.0,201.0,201.0,201.0,0.0,0.0
751,2022-12-23,82.0,82.0,82.0,82.0,0.0,0.0
752,2022-12-27,137.0,137.0,137.0,137.0,0.0,0.0
753,2022-12-28,180.0,180.0,180.0,180.0,0.0,0.0
754,2022-12-29,84.0,84.0,84.0,84.0,0.0,0.0
755,2022-12-30,72.0,72.0,72.0,72.0,0.0,0.0
756,2023-01-03,36.0,36.0,36.0,36.0,0.0,0.0
757,2023-01-04,19.0,19.0,19.0,19.0,0.0,0.0
758,2023-01-05,37.0,37.0,37.0,37.0,0.0,0.0
759,2023-01-06,25.0,25.0,25.0,25.0,0.0,0.0
760,2023-01-09,9.0,9.0,9.0,9.0,0.0,0.0
761,2023-01-10,6.0,6.0,6.0,6.0,0.0,0.0
762,2023-01-11,5.0,5.0,5.0,5.0,0.0,0.0
763,2023-01-12,12.0,12.0,12.0,12.0,0.0,0.0
764,2023-01-13,6.0,6.0,6.0,6.0,0.0,0.0
765,2023-01-17,10.0,10.0,10.0,10.0,0.0,0.0
766,2023-01-18,8.0,8.0,8.0,8.0,0.0,0.0
767,2023-01-19,18.0,18.0,18.0,18.0,0.0,0.0
768,2023-01-20,16.0,16.0,16.0,16.0,0.0,0.0
769,2023-01-23,8.0,8.0,8.0,8.0,0.0,0.0
770,2023-01-24,25.0,25.0,25.0,25.0,0.0,0.0
771,2023-01-25,13.0,13.0,13.0,13.0,0.0,0.0
772,2023-01-26,11.0,11.0,11.0,11.0,0.0,0.0
773,2023-01-27,6.0,6.0,6.0,6.0,0.0,0.0
774,2023-01-30,8.0,8.0,8.0,8.0,0.0,0.0
775,2023-01-31,4.0,4.0,4.0,4.0,0.0,0.0
776,2023-02-01,8.0,8.0,8.0,8.0,0.0,0.0
777,2023-02-02,5.0,5.0,5.0,5.0,0.0,0.0
778,2023-02-03,4.0,4.0,4.0,4.0,0.0,0.0
779,2023-02-06,12.0,12.0,12.0,12.0,0.0,0.0
780,2023-02-07,8.0,8.0,8.0,8.0,0.0,0.0
781,2023-02-08,6.0,6.0,6.0,6.0,0.0,0.0
782,2023-02-09,10.0,10.0,10.0,10.0,0.0,0.0
783,2023-02-10,15.0,15.0,15.0,15.0,0.0,0.0
784,2023-02-13,13.0,13.0,13.0,13.0,0.0,0.0
785,2023-02-14,12.0,12.0,12.0,12.0,0.0,0.0
786,2023-02-15,7.0,7.0,7.0,7.0,0.0,0.0
787,2023-02-16,15.0,15.0,15.0,15.0,0.0,0.0
788,2023-02-17,10.0,10.0,10.0,10.0,0.0,0.0
789,2023-02-21,29.0,29.0,29.0,29.0,0.0,0.0
790,2023-02-22,34.0,34.0,34.0,34.0,0.0,0.0
791,2023-02-23,28.0,28.0,28.0,28.0,0.0,0.0
792,2023-02-24,47.0,47.0,47.0,47.0,0.0,0.0
793,2023-02-27,25.0,25.0,25.0,25.0,0.0,0.0
794,2023-02-28,36.0,36.0,36.0,36.0,0.0,0.0
795,2023-03-01,51.0,51.0,51.0,51.0,0.0,0.0
796,2023-03-02,51.0,51.0,51.0,51.0,0.0,0.0
797,2023-03-03,18.0,18.0,18.0,18.0,0.0,0.0
798,2023-03-06,23.0,23.0,23.0,23.0,0.0,0.0
799,2023-03-07,49.0,49.0,49.0,49.0,0.0,0.0
800,2023-03-08,56.0,56.0,56.0,56.0,0.0,0.0
801,2023-03-09,96.0,96.0,96.0,96.0,0.0,0.0
802,2023-03-10,209.0,209.0,209.0,209.0,0.0,0.0
803,2023-03-13,345.0,345.0,345.0,345.0,0.0,0.0
804,2023-03-14,99.0,99.0,99.0,99.0,0.0,0.0
805,2023-03-15,266.0,266.0,266.0,266.0,0.0,0.0
806,2023-03-16,177.0,177.0,177.0,177.0,0.0,0.0
807,2023-03-17,199.0,199.0,199.0,199.0,0.0,0.0
808,2023-03-20,134.0,134.0,134.0,134.0,0.0,0.0
809,2023-03-21,44.0,44.0,44.0,44.0,0.0,0.0
810,2023-03-22,102.0,102.0,102.0,102.0,0.0,0.0
811,2023-03-23,212.0,212.0,212.0,212.0,0.0,0.0
812,2023-03-24,260.0,260.0,260.0,260.0,0.0,0.0
813,2023-03-27,34.0,34.0,34.0,34.0,0.0,0.0
814,2023-03-28,50.0,50.0,50.0,50.0,0.0,0.0
815,2023-03-29,20.0,20.0,20.0,20.0,0.0,0.0
816,2023-03-30,16.0,16.0,16.0,16.0,0.0,0.0
817,2023-03-31,19.0,19.0,19.0,19.0,0.0,0.0
818,2023-04-03,11.0,11.0,11.0,11.0,0.0,0.0
819,2023-04-04,39.0,39.0,39.0,39.0,0.0,0.0
820,2023-04-05,51.0,51.0,51.0,51.0,0.0,0.0
821,2023-04-06,39.0,39.0,39.0,39.0,0.0,0.0
822,2023-04-10,39.0,39.0,39.0,39.0,0.0,0.0
823,2023-04-11,20.0,20.0,20.0,20.0,0.0,0.0
824,2023-04-12,28.0,28.0,28.0,28.0,0.0,0.0
825,2023-04-13,31.0,31.0,31.0,31.0,0.0,0.0
826,2023-04-14,40.0,40.0,40.0,40.0,0.0,0.0
827,2023-04-17,39.0,39.0,39.0,39.0,0.0,0.0
828,2023-04-18,34.0,34.0,34.0,34.0,0.0,0.0
829,2023-04-19,33.0,33.0,33.0,33.0,0.0,0.0
830,2023-04-20,34.0,34.0,34.0,34.0,0.0,0.0
831,2023-04-21,39.0,39.0,39.0,39.0,0.0,0.0
832,2023-04-24,40.0,40.0,40.0,40.0,0.0,0.0
833,2023-04-25,103.0,103.0,103.0,103.0,0.0,0.0
834,2023-04-26,101.0,101.0,101.0,101.0,0.0,0.0
835,2023-04-27,55.0,55.0,55.0,55.0,0.0,0.0
836,2023-04-28,37.0,37.0,37.0,37.0,0.0,0.0
837,2023-05-01,35.0,35.0,35.0,35.0,0.0,0.0
838,2023-05-02,152.0,152.0,152.0,152.0,0.0,0.0
839,2023-05-03,104.0,104.0,104.0,104.0,0.0,0.0
840,2023-05-04,258.0,258.0,258.0,258.0,0.0,0.0
841,2023-05-05,49.0,49.0,49.0,49.0,0.0,0.0
842,2023-05-08,44.0,44.0,44.0,44.0,0.0,0.0
843,2023-05-09,76.0,76.0,76.0,76.0,0.0,0.0
844,2023-05-10,69.0,69.0,69.0,69.0,0.0,0.0
845,2023-05-11,86.0,86.0,86.0,86.0,0.0,0.0
846,2023-05-12,118.0,118.0,118.0,118.0,0.0,0.0
847,2023-05-15,58.0,58.0,58.0,58.0,0.0,0.0
848,2023-05-16,107.0,107.0,107.0,107.0,0.0,0.0
849,2023-05-17,80.0,80.0,80.0,80.0,0.0,0.0
850,2023-05-18,45.0,45.0,45.0,45.0,0.0,0.0
851,2023-05-19,45.0,45.0,45.0,45.0,0.0,0.0
852,2023-05-22,35.0,35.0,35.0,35.0,0.0,0.0
853,2023-05-23,31.0,31.0,31.0,31.0,0.0,0.0
854,2023-05-24,85.0,85.0,85.0,85.0,0.0,0.0
855,2023-05-25,144.0,144.0,144.0,144.0,0.0,0.0
856,2023-05-26,75.0,75.0,75.0,75.0,0.0,0.0
857,2023-05-30,78.0,78.0,78.0,78.0,0.0,0.0
858,2023-05-31,117.0,117.0,117.0,117.0,0.0,0.0
859,2023-06-01,76.0,76.0,76.0,76.0,0.0,0.0
860,2023-06-02,15.0,15.0,15.0,15.0,0.0,0.0
861,2023-06-05,26.0,26.0,26.0,26.0,0.0,0.0
862,2023-06-06,18.0,18.0,18.0,18.0,0.0,0.0
863,2023-06-07,10.0,10.0,10.0,10.0,0.0,0.0
864,2023-06-08,18.0,18.0,18.0,18.0,0.0,0.0
865,2023-06-09,17.0,17.0,17.0,17.0,0.0,0.0
866,2023-06-12,12.0,12.0,12.0,12.0,0.0,0.0
867,2023-06-13,8.0,8.0,8.0,8.0,0.0,0.0
868,2023-06-14,18.0,18.0,18.0,18.0,0.0,0.0
869,2023-06-15,22.0,22.0,22.0,22.0,0.0,0.0
870,2023-06-16,15.0,15.0,15.0,15.0,0.0,0.0
871,2023-06-20,19.0,19.0,19.0,19.0,0.0,0.0
872,2023-06-21,29.0,29.0,29.0,29.0,0.0,0.0
873,2023-06-22,37.0,37.0,37.0,37.0,0.0,0.0
874,2023-06-23,47.0,47.0,47.0,47.0,0.0,0.0
875,2023-06-26,31.0,31.0,31.0,31.0,0.0,0.0
876,2023-06-27,32.0,32.0,32.0,32.0,0.0,0.0
877,2023-06-28,34.0,34.0,34.0,34.0,0.0,0.0
878,2023-06-29,19.0,19.0,19.0,19.0,0.0,0.0
879,2023-06-30,16.0,16.0,16.0,16.0,0.0,0.0
880,2023-07-03,7.0,7.0,7.0,7.0,0.0,0.0
881,2023-07-05,13.0,13.0,13.0,13.0,0.0,0.0
882,2023-07-06,34.0,34.0,34.0,34.0,0.0,0.0
883,2023-07-07,21.0,21.0,21.0,21.0,0.0,0.0
884,2023-07-10,25.0,25.0,25.0,25.0,0.0,0.0
885,2023-07-11,9.0,9.0,9.0,9.0,0.0,0.0
886,2023-07-12,10.0,10.0,10.0,10.0,0.0,0.0
887,2023-07-13,12.0,12.0,12.0,12.0,0.0,0.0
888,2023-07-14,24.0,24.0,24.0,24.0,0.0,0.0
889,2023-07-17,21.0,21.0,21.0,21.0,0.0,0.0
890,2023-07-18,16.0,16.0,16.0,16.0,0.0,0.0
891,2023-07-19,8.0,8.0,8.0,8.0,0.0,0.0
892,2023-07-20,10.0,10.0,10.0,10.0,0.0,0.0
893,2023-07-21,7.0,7.0,7.0,7.0,0.0,0.0
894,2023-07-24,10.0,10.0,10.0,10.0,0.0,0.0
895,2023-07-25,15.0,15.0,15.0,15.0,0.0,0.0
896,2023-07-26,6.0,6.0,6.0,6.0,0.0,0.0
897,2023-07-27,17.0,17.0,17.0,17.0,0.0,0.0
898,2023-07-28,12.0,12.0,12.0,12.0,0.0,0.0
899,2023-07-31,8.0,8.0,8.0,8.0,0.0,0.0
900,2023-08-01,17.0,17.0,17.0,17.0,0.0,0.0
901,2023-08-02,33.0,33.0,33.0,33.0,0.0,0.0
902,2023-08-03,46.0,46.0,46.0,46.0,0.0,0.0
903,2023-08-04,38.0,38.0,38.0,38.0,0.0,0.0
904,2023-08-07,36.0,36.0,36.0,36.0,0.0,0.0
905,2023-08-08,65.0,65.0,65.0,65.0,0.0,0.0
906,2023-08-09,37.0,37.0,37.0,37.0,0.0,0.0
907,2023-08-10,31.0,31.0,31.0,31.0,0.0,0.0
908,2023-08-11,37.0,37.0,37.0,37.0,0.0,0.0
909,2023-08-14,55.0,55.0,55.0,55.0,0.0,0.0
910,2023-08-15,80.0,80.0,80.0,80.0,0.0,0.0
911,2023-08-16,95.0,95.0,95.0,95.0,0.0,0.0
912,2023-08-17,88.0,88.0,88.0,88.0,0.0,0.0
913,2023-08-18,92.0,92.0,92.0,92.0,0.0,0.0
914,2023-08-21,87.0,87.0,87.0,87.0,0.0,0.0
915,2023-08-22,81.0,81.0,81.0,81.0,0.0,0.0
916,2023-08-23,62.0,62.0,62.0,62.0,0.0,0.0
917,2023-08-24,75.0,75.0,75.0,75.0,0.0,0.0
918,2023-08-25,66.0,66.0,66.0,66.0,0.0,0.0
919,2023-08-28,22.0,22.0,22.0,22.0,0.0,0.0
920,2023-08-29,25.0,25.0,25.0,25.0,0.0,0.0
921,2023-08-30,18.0,18.0,18.0,18.0,0.0,0.0
922,2023-08-31,20.0,20.0,20.0,20.0,0.0,0.0
923,2023-09-01,29.0,29.0,29.0,29.0,0.0,0.0
924,2023-09-05,86.0,86.0,86.0,86.0,0.0,0.0
925,2023-09-06,88.0,88.0,88.0,88.0,0.0,0.0
926,2023-09-07,116.0,116.0,116.0,116.0,0.0,0.0
927,2023-09-08,96.0,96.0,96.0,96.0,0.0,0.0
928,2023-09-11,75.0,75.0,75.0,75.0,0.0,0.0
929,2023-09-12,95.0,95.0,95.0,95.0,0.0,0.0
930,2023-09-13,93.0,93.0,93.0,93.0,0.0,0.0
931,2023-09-14,63.0,63.0,63.0,63.0,0.0,0.0
932,2023-09-15,91.0,91.0,91.0,91.0,0.0,0.0
933,2023-09-18,103.0,103.0,103.0,103.0,0.0,0.0
934,2023-09-19,103.0,103.0,103.0,103.0,0.0,0.0
935,2023-09-20,68.0,68.0,68.0,68.0,0.0,0.0
936,2023-09-21,220.0,220.0,220.0,220.0,0.0,0.0
937,2023-09-22,176.0,176.0,176.0,176.0,0.0,0.0
938,2023-09-25,249.0,249.0,249.0,249.0,0.0,0.0
939,2023-09-26,287.0,287.0,287.0,287.0,0.0,0.0
940,2023-09-27,308.0,308.0,308.0,308.0,0.0,0.0
941,2023-09-28,223.0,223.0,223.0,223.0,0.0,0.0
942,2023-09-29,85.0,85.0,85.0,85.0,0.0,0.0
943,2023-10-02,277.0,277.0,277.0,277.0,0.0,0.0
944,2023-10-03,443.0,443.0,443.0,443.0,0.0,0.0
945,2023-10-04,102.0,102.0,102.0,102.0,0.0,0.0
946,2023-10-05,65.0,65.0,65.0,65.0,0.0,0.0
947,2023-10-06,335.0,335.0,335.0,335.0,0.0,0.0
948,2023-10-09,99.0,99.0,99.0,99.0,0.0,0.0
949,2023-10-10,27.0,27.0,27.0,27.0,0.0,0.0
950,2023-10-11,52.0,52.0,52.0,52.0,0.0,0.0
951,2023-10-12,166.0,166.0,166.0,166.0,0.0,0.0
952,2023-10-13,162.0,162.0,162.0,162.0,0.0,0.0
953,2023-10-16,100.0,100.0,100.0,100.0,0.0,0.0
954,2023-10-17,140.0,140.0,140.0,140.0,0.0,0.0
955,2023-10-18,257.0,257.0,257.0,257.0,0.0,0.0
956,2023-10-19,355.0,355.0,355.0,355.0,0.0,0.0
957,2023-10-20,401.0,401.0,401.0,401.0,0.0,0.0
958,2023-10-23,454.0,454.0,454.0,454.0,0.0,0.0
959,2023-10-24,198.0,198.0,198.0,198.0,0.0,0.0
960,2023-10-25,421.0,421.0,421.0,421.0,0.0,0.0
961,2023-10-26,297.0,297.0,297.0,297.0,0.0,0.0
962,2023-10-27,369.0,369.0,369.0,369.0,0.0,0.0
963,2023-10-30,238.0,238.0,238.0,238.0,0.0,0.0
964,2023-10-31,119.0,119.0,119.0,119.0,0.0,0.0
965,2023-11-01,138.0,138.0,138.0,138.0,0.0,0.0
966,2023-11-02,11.0,11.0,11.0,11.0,0.0,0.0
967,2023-11-03,18.0,18.0,18.0,18.0,0.0,0.0
968,2023-11-06,24.0,24.0,24.0,24.0,0.0,0.0
969,2023-11-07,54.0,54.0,54.0,54.0,0.0,0.0
970,2023-11-08,66.0,66.0,66.0,66.0,0.0,0.0
971,2023-11-09,92.0,92.0,92.0,92.0,0.0,0.0
972,2023-11-10,105.0,105.0,105.0,105.0,0.0,0.0
973,2023-11-13,78.0,78.0,78.0,78.0,0.0,0.0
974,2023-11-14,20.0,20.0,20.0,20.0,0.0,0.0
975,2023-11-15,9.0,9.0,9.0,9.0,0.0,0.0
976,2023-11-16,26.0,26.0,26.0,26.0,0.0,0.0
977,2023-11-17,14.0,14.0,14.0,14.0,0.0,0.0
978,2023-11-20,16.0,16.0,16.0,16.0,0.0,0.0
979,2023-11-21,8.0,8.0,8.0,8.0,0.0,0.0
980,2023-11-22,27.0,27.0,27.0,27.0,0.0,0.0
981,2023-11-24,6.0,6.0,6.0,6.0,0.0,0.0
982,2023-11-27,23.0,23.0,23.0,23.0,0.0,0.0
983,2023-11-28,27.0,27.0,27.0,27.0,0.0,0.0
984,2023-11-29,25.0,25.0,25.0,25.0,0.0,0.0
985,2023-11-30,24.0,24.0,24.0,24.0,0.0,0.0
986,2023-12-01,16.0,16.0,16.0,16.0,0.0,0.0
987,2023-12-04,15.0,15.0,15.0,15.0,0.0,0.0
988,2023-12-05,15.0,15.0,15.0,15.0,0.0,0.0
989,2023-12-06,28.0,28.0,28.0,28.0,0.0,0.0
990,2023-12-07,35.0,35.0,35.0,35.0,0.0,0.0
991,2023-12-08,19.0,19.0,19.0,19.0,0.0,0.0
992,2023-12-11,5.0,5.0,5.0,5.0,0.0,0.0
993,2023-12-12,45.0,45.0,45.0,45.0,0.0,0.0
994,2023-12-13,26.0,26.0,26.0,26.0,0.0,0.0
995,2023-12-14,10.0,10.0,10.0,10.0,0.0,0.0
996,2023-12-15,13.0,13.0,13.0,13.0,0.0,0.0
997,2023-12-18,4.0,4.0,4.0,4.0,0.0,0.0
998,2023-12-19,14.0,14.0,14.0,14.0,0.0,0.0
999,2023-12-20,21.0,21.0,21.0,21.0,0.0,0.0
1000,2023-12-21,20.0,20.0,20.0,20.0,0.0,0.0
1001,2023-12-22,10.0,10.0,10.0,10.0,0.0,0.0
1002,2023-12-26,3.0,3.0,3.0,3.0,0.0,0.0
1003,2023-12-27,4.0,4.0,4.0,4.0,0.0,0.0
1004,2023-12-28,7.0,7.0,7.0,7.0,0.0,0.0
1005,2023-12-29,6.0,6.0,6.0,6.0,0.0,0.0
1006,2024-01-02,5.0,5.0,5.0,5.0,0.0,0.0
1007,2024-01-03,6.0,6.0,6.0,6.0,0.0,0.0
1008,2024-01-04,14.0,14.0,14.0,14.0,0.0,0.0
1009,2024-01-05,17.0,17.0,17.0,17.0,0.0,0.0
1010,2024-01-08,25.0,25.0,25.0,25.0,0.0,0.0
1011,2024-01-09,24.0,24.0,24.0,24.0,0.0,0.0
1012,2024-01-10,39.0,39.0,39.0,39.0,0.0,0.0
1013,2024-01-11,35.0,35.0,35.0,35.0,0.0,0.0
1014,2024-01-12,23.0,23.0,23.0,23.0,0.0,0.0
1015,2024-01-16,68.0,68.0,68.0,68.0,0.0,0.0
1016,2024-01-17,86.0,86.0,86.0,86.0,0.0,0.0
1017,2024-01-18,52.0,52.0,52.0,52.0,0.0,0.0
1018,2024-01-19,48.0,48.0,48.0,48.0,0.0,0.0
1019,2024-01-22,35.0,35.0,35.0,35.0,0.0,0.0
1020,2024-01-23,8.0,8.0,8.0,8.0,0.0,0.0
1021,2024-01-24,11.0,11.0,11.0,11.0,0.0,0.0
1022,2024-01-25,21.0,21.0,21.0,21.0,0.0,0.0
1023,2024-01-26,12.0,12.0,12.0,12.0,0.0,0.0
1024,2024-01-29,22.0,22.0,22.0,22.0,0.0,0.0
1025,2024-01-30,17.0,17.0,17.0,17.0,0.0,0.0
1026,2024-01-31,28.0,28.0,28.0,28.0,0.0,0.0
1027,2024-02-01,31.0,31.0,31.0,31.0,0.0,0.0
1028,2024-02-02,49.0,49.0,49.0,49.0,0.0,0.0
1029,2024-02-05,82.0,82.0,82.0,82.0,0.0,0.0
1030,2024-02-06,41.0,41.0,41.0,41.0,0.0,0.0
1031,2024-02-07,36.0,36.0,36.0,36.0,0.0,0.0
1032,2024-02-08,26.0,26.0,26.0,26.0,0.0,0.0
1033,2024-02-09,20.0,20.0,20.0,20.0,0.0,0.0
1034,2024-02-12,12.0,12.0,12.0,12.0,0.0,0.0
1035,2024-02-13,48.0,48.0,48.0,48.0,0.0,0.0
1036,2024-02-14,35.0,35.0,35.0,35.0,0.0,0.0
1037,2024-02-15,14.0,14.0,14.0,14.0,0.0,0.0
1038,2024-02-16,15.0,15.0,15.0,15.0,0.0,0.0
1039,2024-02-20,25.0,25.0,25.0,25.0,0.0,0.0
1040,2024-02-21,32.0,32.0,32.0,32.0,0.0,0.0
1041,2024-02-22,41.0,41.0,41.0,41.0,0.0,0.0
1042,2024-02-23,37.0,37.0,37.0,37.0,0.0,0.0
1043,2024-02-26,38.0,38.0,38.0,38.0,0.0,0.0
1044,2024-02-27,22.0,22.0,22.0,22.0,0.0,0.0
1045,2024-02-28,35.0,35.0,35.0,35.0,0.0,0.0
1046,2024-02-29,23.0,23.0,23.0,23.0,0.0,0.0
1047,2024-03-01,25.0,25.0,25.0,25.0,0.0,0.0
1048,2024-03-04,36.0,36.0,36.0,36.0,0.0,0.0
1049,2024-03-05,37.0,37.0,37.0,37.0,0.0,0.0
1050,2024-03-06,31.0,31.0,31.0,31.0,0.0,0.0
1051,2024-03-07,20.0,20.0,20.0,20.0,0.0,0.0
1052,2024-03-08,15.0,15.0,15.0,15.0,0.0,0.0
1053,2024-03-11,19.0,19.0,19.0,19.0,0.0,0.0
1054,2024-03-12,25.0,25.0,25.0,25.0,0.0,0.0
1055,2024-03-13,23.0,23.0,23.0,23.0,0.0,0.0
1056,2024-03-14,59.0,59.0,59.0,59.0,0.0,0.0
1057,2024-03-15,53.0,53.0,53.0,53.0,0.0,0.0
1058,2024-03-18,39.0,39.0,39.0,39.0,0.0,0.0
1059,2024-03-19,34.0,34.0,34.0,34.0,0.0,0.0
1060,2024-03-20,32.0,32.0,32.0,32.0,0.0,0.0
1061,2024-03-21,17.0,17.0,17.0,17.0,0.0,0.0
1062,2024-03-22,20.0,20.0,20.0,20.0,0.0,0.0
1063,2024-03-25,25.0,25.0,25.0,25.0,0.0,0.0
1064,2024-03-26,33.0,33.0,33.0,33.0,0.0,0.0
1065,2024-03-27,12.0,12.0,12.0,12.0,0.0,0.0
1066,2024-03-28,12.0,12.0,12.0,12.0,0.0,0.0
1067,2024-04-01,23.0,23.0,23.0,23.0,0.0,0.0
1068,2024-04-02,38.0,38.0,38.0,38.0,0.0,0.0
1069,2024-04-03,36.0,36.0,36.0,36.0,0.0,0.0
1070,2024-04-04,16.0,16.0,16.0,16.0,0.0,0.0
1071,2024-04-05,31.0,31.0,31.0,31.0,0.0,0.0
1072,2024-04-08,16.0,16.0,16.0,16.0,0.0,0.0
1073,2024-04-09,8.0,8.0,8.0,8.0,0.0,0.0
1074,2024-04-10,46.0,46.0,46.0,46.0,0.0,0.0
1075,2024-04-11,28.0,28.0,28.0,28.0,0.0,0.0
1076,2024-04-12,60.0,60.0,60.0,60.0,0.0,0.0
1077,2024-04-15,89.0,89.0,89.0,89.0,0.0,0.0
1078,2024-04-16,118.0,118.0,118.0,118.0,0.0,0.0
1079,2024-04-17,62.0,62.0,62.0,62.0,0.0,0.0
1080,2024-04-18,58.0,58.0,58.0,58.0,0.0,0.0
1081,2024-04-19,39.0,39.0,39.0,39.0,0.0,0.0
1082,2024-04-22,44.0,44.0,44.0,44.0,0.0,0.0
1083,2024-04-23,15.0,15.0,15.0,15.0,0.0,0.0
1084,2024-04-24,30.0,30.0,30.0,30.0,0.0,0.0
1085,2024-04-25,48.0,48.0,48.0,48.0,0.0,0.0
1086,2024-04-26,22.0,22.0,22.0,22.0,0.0,0.0
1087,2024-04-29,9.0,9.0,9.0,9.0,0.0,0.0
1088,2024-04-30,36.0,36.0,36.0,36.0,0.0,0.0
1089,2024-05-01,36.0,36.0,36.0,36.0,0.0,0.0
1090,2024-05-02,26.0,26.0,26.0,26.0,0.0,0.0
1091,2024-05-03,18.0,18.0,18.0,18.0,0.0,0.0
1092,2024-05-06,19.0,19.0,19.0,19.0,0.0,0.0
1093,2024-05-07,16.0,16.0,16.0,16.0,0.0,0.0
1094,2024-05-08,32.0,32.0,32.0,32.0,0.0,0.0
1095,2024-05-09,18.0,18.0,18.0,18.0,0.0,0.0
1096,2024-05-10,24.0,24.0,24.0,24.0,0.0,0.0
1097,2024-05-13,18.0,18.0,18.0,18.0,0.0,0.0
1098,2024-05-14,14.0,14.0,14.0,14.0,0.0,0.0
1099,2024-05-15,12.0,12.0,12.0,12.0,0.0,0.0
1100,2024-05-16,17.0,17.0,17.0,17.0,0.0,0.0
1101,2024-05-17,25.0,25.0,25.0,25.0,0.0,0.0
1102,2024-05-20,29.0,29.0,29.0,29.0,0.0,0.0
1103,2024-05-21,33.0,33.0,33.0,33.0,0.0,0.0
1104,2024-05-22,47.0,47.0,47.0,47.0,0.0,0.0
1105,2024-05-23,71.0,71.0,71.0,71.0,0.0,0.0
1106,2024-05-24,41.0,41.0,41.0,41.0,0.0,0.0
1107,2024-05-28,53.0,53.0,53.0,53.0,0.0,0.0
1108,2024-05-29,86.0,86.0,86.0,86.0,0.0,0.0
1109,2024-05-30,46.0,46.0,46.0,46.0,0.0,0.0
1110,2024-05-31,38.0,38.0,38.0,38.0,0.0,0.0
1111,2024-06-03,50.0,50.0,50.0,50.0,0.0,0.0
1112,2024-06-04,54.0,54.0,54.0,54.0,0.0,0.0
1113,2024-06-05,47.0,47.0,47.0,47.0,0.0,0.0
1114,2024-06-06,30.0,30.0,30.0,30.0,0.0,0.0
1115,2024-06-07,57.0,57.0,57.0,57.0,0.0,0.0
1116,2024-06-10,59.0,59.0,59.0,59.0,0.0,0.0
1117,2024-06-11,63.0,63.0,63.0,63.0,0.0,0.0
1118,2024-06-12,32.0,32.0,32.0,32.0,0.0,0.0
1119,2024-06-13,65.0,65.0,65.0,65.0,0.0,0.0
1120,2024-06-14,93.0,93.0,93.0,93.0,0.0,0.0
1121,2024-06-17,84.0,84.0,84.0,84.0,0.0,0.0
1122,2024-06-18,67.0,67.0,67.0,67.0,0.0,0.0
1123,2024-06-20,77.0,77.0,77.0,77.0,0.0,0.0
1124,2024-06-21,51.0,51.0,51.0,51.0,0.0,0.0
1125,2024-06-24,27.0,27.0,27.0,27.0,0.0,0.0
1126,2024-06-25,61.0,61.0,61.0,61.0,0.0,0.0
1127,2024-06-26,63.0,63.0,63.0,63.0,0.0,0.0
1128,2024-06-27,47.0,47.0,47.0,47.0,0.0,0.0
1129,2024-06-28,43.0,43.0,43.0,43.0,0.0,0.0
1130,2024-07-01,58.0,58.0,58.0,58.0,0.0,0.0
1131,2024-07-02,66.0,66.0,66.0,66.0,0.0,0.0
1132,2024-07-03,22.0,22.0,22.0,22.0,0.0,0.0
1133,2024-07-05,58.0,58.0,58.0,58.0,0.0,0.0
1134,2024-07-08,38.0,38.0,38.0,38.0,0.0,0.0
1135,2024-07-09,83.0,83.0,83.0,83.0,0.0,0.0
1136,2024-07-10,54.0,54.0,54.0,54.0,0.0,0.0
1137,2024-07-11,9.0,9.0,9.0,9.0,0.0,0.0
1138,2024-07-12,6.0,6.0,6.0,6.0,0.0,0.0
1139,2024-07-15,8.0,8.0,8.0,8.0,0.0,0.0
1140,2024-07-16,4.0,4.0,4.0,4.0,0.0,0.0
1141,2024-07-17,4.0,4.0,4.0,4.0,0.0,0.0
1142,2024-07-18,11.0,11.0,11.0,11.0,0.0,0.0
1143,2024-07-19,18.0,18.0,18.0,18.0,0.0,0.0
1144,2024-07-22,21.0,21.0,21.0,21.0,0.0,0.0
1145,2024-07-23,17.0,17.0,17.0,17.0,0.0,0.0
1146,2024-07-24,28.0,28.0,28.0,28.0,0.0,0.0
1147,2024-07-25,29.0,29.0,29.0,29.0,0.0,0.0
1148,2024-07-26,17.0,17.0,17.0,17.0,0.0,0.0
1149,2024-07-29,14.0,14.0,14.0,14.0,0.0,0.0
1150,2024-07-30,25.0,25.0,25.0,25.0,0.0,0.0
1151,2024-07-31,22.0,22.0,22.0,22.0,0.0,0.0
1152,2024-08-01,53.0,53.0,53.0,53.0,0.0,0.0
1153,2024-08-02,116.0,116.0,116.0,116.0,0.0,0.0
1154,2024-08-05,221.0,221.0,221.0,221.0,0.0,0.0
1155,2024-08-06,54.0,54.0,54.0,54.0,0.0,0.0
1156,2024-08-07,58.0,58.0,58.0,58.0,0.0,0.0
1157,2024-08-08,48.0,48.0,48.0,48.0,0.0,0.0
1158,2024-08-09,54.0,54.0,54.0,54.0,0.0,0.0
1159,2024-08-12,73.0,73.0,73.0,73.0,0.0,0.0
1160,2024-08-13,35.0,35.0,35.0,35.0,0.0,0.0
1161,2024-08-14,36.0,36.0,36.0,36.0,0.0,0.0
1162,2024-08-15,15.0,15.0,15.0,15.0,0.0,0.0
1163,2024-08-16,18.0,18.0,18.0,18.0,0.0,0.0
1164,2024-08-19,11.0,11.0,11.0,11.0,0.0,0.0
1165,2024-08-20,25.0,25.0,25.0,25.0,0.0,0.0
1166,2024-08-21,17.0,17.0,17.0,17.0,0.0,0.0
1167,2024-08-22,16.0,16.0,16.0,16.0,0.0,0.0
1168,2024-08-23,6.0,6.0,6.0,6.0,0.0,0.0
1169,2024-08-26,11.0,11.0,11.0,11.0,0.0,0.0
1170,2024-08-27,14.0,14.0,14.0,14.0,0.0,0.0
1171,2024-08-28,26.0,26.0,26.0,26.0,0.0,0.0
1172,2024-08-29,17.0,17.0,17.0,17.0,0.0,0.0
1173,2024-08-30,23.0,23.0,23.0,23.0,0.0,0.0
1174,2024-09-03,52.0,52.0,52.0,52.0,0.0,0.0
1175,2024-09-04,56.0,56.0,56.0,56.0,0.0,0.0
1176,2024-09-05,72.0,72.0,72.0,72.0,0.0,0.0
1177,2024-09-06,98.0,98.0,98.0,98.0,0.0,0.0
1178,2024-09-09,83.0,83.0,83.0,83.0,0.0,0.0
1179,2024-09-10,117.0,117.0,117.0,117.0,0.0,0.0
1180,2024-09-11,99.0,99.0,99.0,99.0,0.0,0.0
1181,2024-09-12,28.0,28.0,28.0,28.0,0.0,0.0
1182,2024-09-13,10.0,10.0,10.0,10.0,0.0,0.0
1183,2024-09-16,10.0,10.0,10.0,10.0,0.0,0.0
1184,2024-09-17,7.0,7.0,7.0,7.0,0.0,0.0
1185,2024-09-18,7.0,7.0,7.0,7.0,0.0,0.0
1186,2024-09-19,7.0,7.0,7.0,7.0,0.0,0.0
1187,2024-09-20,16.0,16.0,16.0,16.0,0.0,0.0
1188,2024-09-23,18.0,18.0,18.0,18.0,0.0,0.0
1189,2024-09-24,13.0,13.0,13.0,13.0,0.0,0.0
1190,2024-09-25,19.0,19.0,19.0,19.0,0.0,0.0
1191,2024-09-26,28.0,28.0,28.0,28.0,0.0,0.0
1192,2024-09-27,5.0,5.0,5.0,5.0,0.0,0.0
1193,2024-09-30,14.0,14.0,14.0,14.0,0.0,0.0
1194,2024-10-01,21.0,21.0,21.0,21.0,0.0,0.0
1195,2024-10-02,27.0,27.0,27.0,27.0,0.0,0.0
1196,2024-10-03,27.0,27.0,27.0,27.0,0.0,0.0
1197,2024-10-04,15.0,15.0,15.0,15.0,0.0,0.0
1198,2024-10-07,33.0,33.0,33.0,33.0,0.0,0.0
1199,2024-10-08,28.0,28.0,28.0,28.0,0.0,0.0
1200,2024-10-09,28.0,28.0,28.0,28.0,0.0,0.0
1201,2024-10-10,37.0,37.0,37.0,37.0,0.0,0.0
1202,2024-10-11,13.0,13.0,13.0,13.0,0.0,0.0
1203,2024-10-14,7.0,7.0,7.0,7.0,0.0,0.0
1204,2024-10-15,17.0,17.0,17.0,17.0,0.0,0.0
1205,2024-10-16,14.0,14.0,14.0,14.0,0.0,0.0
1206,2024-10-17,18.0,18.0,18.0,18.0,0.0,0.0
1207,2024-10-18,17.0,17.0,17.0,17.0,0.0,0.0
1208,2024-10-21,24.0,24.0,24.0,24.0,0.0,0.0
1209,2024-10-22,30.0,30.0,30.0,30.0,0.0,0.0
1210,2024-10-23,40.0,40.0,40.0,40.0,0.0,0.0
1211,2024-10-24,34.0,34.0,34.0,34.0,0.0,0.0
1212,2024-10-25,23.0,23.0,23.0,23.0,0.0,0.0
1213,2024-10-28,28.0,28.0,28.0,28.0,0.0,0.0
1214,2024-10-29,44.0,44.0,44.0,44.0,0.0,0.0
1215,2024-10-30,38.0,38.0,38.0,38.0,0.0,0.0
1216,2024-10-31,69.0,69.0,69.0,69.0,0.0,0.0
1217,2024-11-01,64.0,64.0,64.0,64.0,0.0,0.0
1218,2024-11-04,40.0,40.0,40.0,40.0,0.0,0.0
1219,2024-11-05,50.0,50.0,50.0,50.0,0.0,0.0
1220,2024-11-06,52.0,52.0,52.0,52.0,0.0,0.0
1221,2024-11-07,16.0,16.0,16.0,16.0,0.0,0.0
1222,2024-11-08,47.0,47.0,47.0,47.0,0.0,0.0
1223,2024-11-11,29.0,29.0,29.0,29.0,0.0,0.0
1224,2024-11-12,64.0,64.0,64.0,64.0,0.0,0.0
1225,2024-11-13,70.0,70.0,70.0,70.0,0.0,0.0
1226,2024-11-14,58.0,58.0,58.0,58.0,0.0,0.0
1227,2024-11-15,73.0,73.0,73.0,73.0,0.0,0.0
1228,2024-11-18,59.0,59.0,59.0,59.0,0.0,0.0
1229,2024-11-19,73.0,73.0,73.0,73.0,0.0,0.0
1230,2024-11-20,67.0,67.0,67.0,67.0,0.0,0.0
1231,2024-11-21,52.0,52.0,52.0,52.0,0.0,0.0
1232,2024-11-22,26.0,26.0,26.0,26.0,0.0,0.0
1233,2024-11-25,17.0,17.0,17.0,17.0,0.0,0.0
1234,2024-11-26,33.0,33.0,33.0,33.0,0.0,0.0
1235,2024-11-27,30.0,30.0,30.0,30.0,0.0,0.0
1236,2024-11-29,32.0,32.0,32.0,32.0,0.0,0.0
1237,2024-12-02,32.0,32.0,32.0,32.0,0.0,0.0
1238,2024-12-03,19.0,19.0,19.0,19.0,0.0,0.0
1239,2024-12-04,30.0,30.0,30.0,30.0,0.0,0.0
1240,2024-12-05,29.0,29.0,29.0,29.0,0.0,0.0
1241,2024-12-06,58.0,58.0,58.0,58.0,0.0,0.0
1242,2024-12-09,17.0,17.0,17.0,17.0,0.0,0.0
1243,2024-12-10,30.0,30.0,30.0,30.0,0.0,0.0
1244,2024-12-11,48.0,48.0,48.0,48.0,0.0,0.0
1245,2024-12-12,66.0,66.0,66.0,66.0,0.0,0.0
1246,2024-12-13,113.0,113.0,113.0,113.0,0.0,0.0
1247,2024-12-16,132.0,132.0,132.0,132.0,0.0,0.0
1248,2024-12-17,162.0,162.0,162.0,162.0,0.0,0.0
1249,2024-12-18,209.0,209.0,209.0,209.0,0.0,0.0
1250,2024-12-19,259.0,259.0,259.0,259.0,0.0,0.0
1251,2024-12-20,173.0,173.0,173.0,173.0,0.0,0.0
1252,2024-12-23,133.0,133.0,133.0,133.0,0.0,0.0
1253,2024-12-24,81.0,81.0,81.0,81.0,0.0,0.0
1254,2024-12-26,72.0,72.0,72.0,72.0,0.0,0.0
1255,2024-12-27,121.0,121.0,121.0,121.0,0.0,0.0
1256,2024-12-30,164.0,164.0,164.0,164.0,0.0,0.0
1257,2024-12-31,65.0,65.0,65.0,65.0,0.0,0.0
1258,2025-01-02,49.0,49.0,49.0,49.0,0.0,0.0
1259,2025-01-03,58.0,58.0,58.0,58.0,0.0,0.0
1260,2025-01-06,32.0,32.0,32.0,32.0,0.0,0.0
1261,2025-01-07,65.0,65.0,65.0,65.0,0.0,0.0
1262,2025-01-08,127.0,127.0,127.0,127.0,0.0,0.0
1263,2025-01-10,233.0,233.0,233.0,233.0,0.0,0.0
1264,2025-01-13,211.0,211.0,211.0,211.0,0.0,0.0
1265,2025-01-14,50.0,50.0,50.0,50.0,0.0,0.0
1266,2025-01-15,23.0,23.0,23.0,23.0,0.0,0.0
1267,2025-01-16,26.0,26.0,26.0,26.0,0.0,0.0
1268,2025-01-17,12.0,12.0,12.0,12.0,0.0,0.0
1269,2025-01-21,17.0,17.0,17.0,17.0,0.0,0.0
1270,2025-01-22,25.0,25.0,25.0,25.0,0.0,0.0
1271,2025-01-23,27.0,27.0,27.0,27.0,0.0,0.0
1272,2025-01-24,12.0,12.0,12.0,12.0,0.0,0.0
1273,2025-01-27,21.0,21.0,21.0,21.0,0.0,0.0
1274,2025-01-28,26.0,26.0,26.0,26.0,0.0,0.0
1275,2025-01-29,37.0,37.0,37.0,37.0,0.0,0.0
1276,2025-01-30,25.0,25.0,25.0,25.0,0.0,0.0
1277,2025-01-31,30.0,30.0,30.0,30.0,0.0,0.0
1278,2025-02-03,99.0,99.0,99.0,99.0,0.0,0.0
1279,2025-02-04,46.0,46.0,46.0,46.0,0.0,0.0
1280,2025-02-05,29.0,29.0,29.0,29.0,0.0,0.0
1281,2025-02-06,38.0,38.0,38.0,38.0,0.0,0.0
1282,2025-02-07,80.0,80.0,80.0,80.0,0.0,0.0
1283,2025-02-10,62.0,62.0,62.0,62.0,0.0,0.0
1284,2025-02-11,62.0,62.0,62.0,62.0,0.0,0.0
1285,2025-02-12,86.0,86.0,86.0,86.0,0.0,0.0
1286,2025-02-13,48.0,48.0,48.0,48.0,0.0,0.0
1287,2025-02-14,39.0,39.0,39.0,39.0,0.0,0.0
1288,2025-02-18,52.0,52.0,52.0,52.0,0.0,0.0
1289,2025-02-19,65.0,65.0,65.0,65.0,0.0,0.0
1290,2025-02-20,48.0,48.0,48.0,48.0,0.0,0.0
1291,2025-02-21,73.0,73.0,73.0,73.0,0.0,0.0
1292,2025-02-24,87.0,87.0,87.0,87.0,0.0,0.0
1293,2025-02-25,90.0,90.0,90.0,90.0,0.0,0.0
1294,2025-02-26,76.0,76.0,76.0,76.0,0.0,0.0
1295,2025-02-27,132.0,132.0,132.0,132.0,0.0,0.0
1296,2025-02-28,143.0,143.0,143.0,143.0,0.0,0.0
1297,2025-03-03,206.0,206.0,206.0,206.0,0.0,0.0
1298,2025-03-04,289.0,289.0,289.0,289.0,0.0,0.0
1299,2025-03-05,98.0,98.0,98.0,98.0,0.0,0.0
1300,2025-03-06,83.0,83.0,83.0,83.0,0.0,0.0
1301,2025-03-07,71.0,71.0,71.0,71.0,0.0,0.0
1302,2025-03-10,137.0,137.0,137.0,137.0,0.0,0.0
1303,2025-03-11,158.0,158.0,158.0,158.0,0.0,0.0
1304,2025-03-12,112.0,112.0,112.0,112.0,0.0,0.0
1305,2025-03-13,183.0,183.0,183.0,183.0,0.0,0.0
1306,2025-03-14,61.0,61.0,61.0,61.0,0.0,0.0
